,曲名,作曲者,ＭＤ番号,箏,十七,三,竹,笛,琵,打,その他
あ,,,,,,,,,,,
,哀歌－沈める瞳－,吉崎克彦,"C66,72　A111",,1,,1,,,,
,合竹の賦,唯是震一,"B70,143　D36,41,112",,,,2,,,,
,アヴェ・マリア,千住明編曲,A120,,,,,,,,
,阿吽十文字,藤井凡大,A189,,,,1,,,,フルート
,葵の上,山田検校,A225,1,,1,,,,,
,葵の詩,唯是震一,A141,,,,,,,,
,蒼い囁き,シンニード・オコナー,A134,,,,,,,,
,蒼き狼の夢,川崎絵都夫,C187,2,2,1,3,1,1,2,
,紺碧く（あおく）,栗林秀明,"C48,130",2,,,,,,,
,"青のモチーフによる
        コンポジション",佐藤敏直,C37,2,1,1,2,1,1,2,
,青葉之賦,川崎絵都夫,B73 E4,1,,1,2,,,,
,（新）青柳,石川勾当,"C177　A58,91,95,182,211
B22,25,28,77,79,87,118",1,,1,1,,,,
,青山の池,宮城道雄,CD5,1,,,1,,,,唄
,赤い牛の子,宮城道雄,CD5,1,,,,,,,唄
,赤土になる妹,小山清茂,A71,1,,,,,,,唄
,茜草（あかね）さす,笹本武志,A81,2,1,,,,,,唄
,秋（竹の四季より）,山本邦山,A171　D62,,,,1,,,,
,秋風の曲,光崎検校,"C113　A54,121,157,160,236　D26",1,,,1,,,,
,"秋、そして
（ダンスコンセルタント「四季」の第三章）",三木　稔,A22,2,1,1,2,1,1,2,
,秋田菅垣,琴古流本曲,A199,,,,1,,,,
,秋によせる三つの幻想曲,長沢勝俊,C33，41,2,1,,1,,,,
,秋の一日,長沢勝俊,"C45,181　A67　B56　D102",2,1,1,2,1,1,1,
,秋の色種,,A22,,,,,,,,
,秋の鎌倉湖畔,池上眞吾,E4,1,,1,1,,,,
,秋の曲,三木　稔,C34　A119 E6,,,,1,,,,二十絃
,秋の曲,吉沢検校,"C1,26,196
A24,31,37,53,158　D7,35",2,,,1,,,,
,秋の草,宮城道雄,CD4,1,1,,1,,,,
,秋の言の葉,西山検校,"C24,90,136,137
A2,37,40,122,179,187
B20,58,93
D3,8,36（途中まで）,44,111",2,,,1,,,,
,秋のコンチェルト,中村八大,C37,2,1,1,2,1,1,2,
,秋の歳時記,長沢勝俊,D80,,,,,,,,
,秋の支笏湖,宮田耕八朗,C69　D80,1,1,,1,,,,
,秋の調,宮城道雄,"CD4　C122,125,127,147　B41",1,,,1,,,,
,秋の流れ,宮城道雄,CD4,1,,,,,,,
,秋の庭,宮城道雄,"C121,122",,,,,,,,
,秋の初風,宮城道雄,CD3　A13,1,,1,1,,,,
,秋の韻（ひびき）,宮城道雄,CD11　C124,,,,,,,,大合奏
,秋の舞,川崎絵都夫,A82,1,,1,1,,,,
,秋の夜,宮城道雄,CD4　C122,1,,,,,,,
,AXIS,水川寿也,A153　B37,3,1,2,2,,,,
,明暗（あけくれ）,酒井竹保,"C61,158",,,,3,,,,読経
,あこがれ,沢井忠夫,"B110
D13,37,42,54,74,77,92",2,,,,,,,
,阿古屋,,A156,,,,,,,,
,朝風,流祖中尾都山,"C9　A144,189　B123,137　D12",,,,2,,,,
,朝霧,流祖中尾都山,C8,,,,,,,,
,朝のうた,沢井忠夫,A110,,,,,,,,
,朝の海,流祖中尾都山,B106,,,,2,,,,
,朝の雪 昼の雪 晩の雪,宮城道雄,D107,1,,,,,,,
,朝緑,流祖中尾都山,C189　A179,,,,2,,,,
,芦刈（あしかり）,作者不詳,A186,,,1,,,,,胡弓
,葦の詩,松本雅夫,"D23,55,58,95　B102,128",2,,,,,,,
,阿修羅,中村洋一,"C6,7　A8,65　D24",2,1,,2,,,,
,飛鳥の夢,宮城道雄,"CD2　B13,118",2,1,,1,,,,
,吾妻獅子,峰崎勾当,"A49,177,207　B40,109",1,,1,1,,,,
,吾妻獅子,古典本曲,"A89,105",,,,1,,,,
,安曇野,池田静山,C103　A64　B104,1,,,1,,,,
,アタリバボー,宮城純一,C96,,,,2,,,,
,アップトゥデイト,菊重精峰,B61,,,,,,,,
,あひる,宮城道雄,CD5,1,,,,,,,唄
,雨（箏・尺八による小品）,山本邦山,"A84,111,171　B61,127",1,,,1,,,,
,雨あがり,内田とも子,C18,,,,,,,,
,アメイジング・グレイス,トラディショナル,A134,,,,,,,,
,アメイジング・グレイス,藤原道山編曲,A120,,,,,,,,
,雨の水前寺にて,宮田耕八朗,"C69,129",1,,,1,,,,
,綾,和田　薫,C82,,,,,,2,,
,あやにしき,池上眞吾,C179,1,,,,,,,
,アランフェス協奏曲,ホアキン・ロドリーゴ,A125,,,,,,,,
,荒れねずみ,,A77,,,2,,,,,唄
,阿波の風,石垣征山,A168,2,1,2,2,,,,
,阿波の狸囃子,三木　稔,C18,2,1,1,3,1,1,3,二十絃、合唱
,アンダルシアの風,香登みのる,B60,2,1,,,,,,
,アンヌプリ,三塚幸彦,A127,,,,,,,,
い,,,,,,,,,,,
,粋,石垣征山,A168,,,2,,,,,
,生きていてよかった,長沢勝俊,A71,,,,,,,,
,意見曽我,萩原正吟,C173,,,,,,,,
,いざない,石井由希子,A181,1,1,,3,,,,
,いざよい,廣瀬量平,C50　A115,1,,,1,,,,
,石狩川,三塚幸彦,A127,,,,,,,,
,石狩川,唯是震一,"C192　A136,172　B81,104,134
D9,24,29,35,68",2,2,2,2,,,,
,石薬師,石垣征山,"C59　B18　D73,85",2,1,,1,,,,
,五十鈴川,宮城道雄,"CD7　C184　A12,24,36,223
B41,104　D46",1,,,,,,,
,泉,宮城道雄,"CD8　C30,138,184　A237 B87,118,145 E3",1,,,1,,,,A237 はヴァイオリン
,出雲路,船川利夫,"C130,193　A99,133
B14,16,43,81,104
D29,37,67,82,118",2,1,,1,,,,
,伊勢物語抄,藤井凡大,A62,3,1,,,,,,合唱、語り
,磯千鳥,菊岡検校,"C3,136　A25,39,42,80　B112,159 D6",1,,1,1,,,,
,壱越（いちこつ）,山本邦山,"C190　A65,80,84,171,226
B1,3,6,42,81,90,118,136
D7,27,33,39,55,74,108,127 E3",1,,,1,,,,
,壱越調箏協奏曲,宮城道雄,A220,,,,,,,,
,一定（いちじょう）,杵屋正邦,A198,,,,,,,,
,五木の子守唄,熊本県民謡,A22,,,,,,,,
,厳島詣,鈴木鼓村,E3,,,,,,,,
,井筒,萩原正吟,D32,2,,,1,,,,
,五つの抒情,唯是震一,A142,1,,,1,,,,
,五つのバガデル,坂本　勉,C80,1,,,,,,,
,IZUMI,水川寿也,A153,1,1,1,,,,,
,いつも何度でも,,B54,,,,,,,,
,いとたけ,沢井忠夫,C198　D125,2,1,,1,,,,
,糸のためのコンチェルト,佐藤敏直,A17,7,4,,,,,,
,糸回し,唯是震一,A140,2,1,,,,,,
,糸四題,佐藤敏直,C93,2,,,,,,,
,田舎道,半田淳子,C18,,,,,,,,
,稲つけば,,C147,,,,,,,,
,いのり,眼龍義治,C117,2,1,,1,,,,胡弓
,Evening　ShadowsⅠ,大政直人,C171,,,,,,,,
,今小町,菊岡検校,A39,1,,1,1,,,,
,色彩（いろどり）,吉崎克彦,"B9,70",2,,,,,,,
,彩　糸遊二番,吉崎克彦,C65　D96,2,,,,,,,
,岩清水,流祖中尾都山,"C10　A143,162,166
D46,101",,,,2,,,,
,岩間とじし,宮城道雄,CD5,1,,1,,,,,唄
,"インド教典による
三十絃独奏曲",宮下秀冽,C33,,,,,,,,三十絃
,陰陽句（いんようく）,山本邦山,"C67　B46
D8,28,35,68",,,,5,,,,
う,,,,,,,,,,,
,ヴィーナーに寄せて,中能島欣一,A154,1,,1,,,,,オーボエ
,うぐひす,宮城道雄,"CD8　A12,233",1,,,1,,,,
,うぐいすの,宮城道雄,B103,,,,,,,,
,雨月譜,吉松　隆,A85,,1,,1,,,,
,宇治巡り,松浦検校,"C5,115,136,142,146
A3,28,43,49,50,182,191
B68,84,100",1,,1,1,,,,
,臼の声,山登松声,A161,1,,1,,,,,
,うた　Ⅰ,三木稔、野坂恵子共作,C18,,,,,,,,
,宴,長沢勝俊,"C18,78",2,1,1,2,,,,
,うちなと津軽,長沢勝俊,D113,1,,1,1,,,,
,うちわ,池上眞吾,C164,1,,,1,,,,唄
,うつほ,池上眞吾,B64,2,1,2,2,,1,,胡弓、語り
,うつろい,草野次郎,C82,2,,,,,,,
,打てや鼓（つづみ）,宮城道雄,CD11　C124,1,,,,,,,合唱
,善知鳥,,A216,1,,1,,,,,
,海原をゆく,山本普乃,B111,,,,,,,,
,うぶすな,小山清茂,A23,1,,,,,,,
,海～たゆとふ～,米川裕枝,A122,1,1,,,,,,
,海きらら,水野利彦,"B31,54,128",2,,,,,,,
,"海の青さに
(三重奏曲第二番)",宮田耕八朗,"C69,129",1,1,,1,,,,
,海辺の夕映え,流祖中尾都山,A30,,,,3,,,,
,梅の功,高橋栄清,A194,1,,1,,,,,
,梅の旅,,C175,,,,,,,,
,梅の月,峰崎勾当,A222,,,,,,,,
,梅の宿,菊岡検校,"A47,57",1,,1,1,,,,
,漆,松本雅夫,D37,1,1,1,1,,,,
,URUMA,沢井忠夫,A110,3,,,,,,,
,うわさ,,C147,,,,,,,,
,うわさの二人,宮田耕八朗,C85,1,1,,1,,,,
え,,,,,,,,,,,
,衛兵の交替,宮城道雄,"CD7　C123,150　A12,223",1,,,,,,,
,エクリプス,武満徹,A200,,,,1,,1,,
,越後獅子,峰崎勾当,"A28,38,147,148,207, 260
B50,71,91,110,117,121,122　D86",1,,1,1,,,,
,越後獅子変奏曲,坂本　勉,C102　A179,2,,,,,,,
,エッセンス（神髄）,ジョン海山ネプチューン,C56,,,,1,,,,ピアノ
,越天楽,雅楽,C160,,,,,,,,
,越天楽今様,宮下　伸,A62,,,,,,,,
,越天楽変奏曲,宮城道雄,"CD10　C120,153",1,,,,,,,オーケストラ
,江戸小町,笹本武志,A81,2,,1,1,,,,唄
,えにし,,C147,,,,,,,,
,江の島の曲,,A44,1,,1,1,,,,
,エピタフ,宮城純一,C96,1,,1,1,,,,
,絵馬,長沢勝俊,A131,,,,,,,,
,絵夢,栗林秀明,"C48,72,130　A111
D34,46,118",1,,,1,,,,
,EN,藤原道山,"B111,113,126,142",,,,,,,,
,炎（えん）,水野利彦,C131,2,1,,,,,,
,演歌,尺八演歌党？,B71,,,,,,,,
お,,,,,,,,,,,
,追い弾き八千代獅子,藤井凡大,"A63　B13,17",2,1,1,1,,,,唄
,奥入瀬川（おいらせがわ）,宮田耕八朗,"C69,129",2,1,,1,,,,
,追分幻想,宮田耕八郎,A209,,,,1,,,,
,扇,山本邦山,"C67　A177　B80,110,112,133,138,159　D17,39",,,,5,,,,
,扇の砧,,D75,,,,,,,,
,黄金の海,千住　明,A120,,,,,,,,
,奥州薩慈,古典本曲,"C191　A86,198",,,,1,,,,
,近江八景,＜山田流＞,C56,1,,1,1,,,,
,お江戸日本橋,坂本　勉,D87,,,,,,,,
,大井川,宮城道雄,D38,2,,,,,,,
,大津絵幻想,長沢勝俊,"C38,127　A25,67　D64,98",1,1,2,3,1,1,2,"二十絃,胡弓"
,オーロラ,吉崎克彦,"C74,105　A19　B12
D83,108,112",2,1,1,3,,,,
,岡康砧,山室保嘉？,"A112,161,194　B82",3,,1,1,,,,
,沖谷三谷,本曲,A188,,,,1,,,,
,沖縄の風,長沢勝俊,C78　D91,2,1,1,2,,,,
,"沖縄の童歌による
組曲",,D91,,,,,,,,
,おけさ子守唄,鯉沼廣行編曲,A130,,,,,2,,,
,OKOTO,沢井比河流,B135,2,,,,,,,
,おさる,宮城道雄,CD5,1,,,,,,,
,お正月ですから,宮城道雄,CD13,1,,,,,,,
,お立ち酒,,C160,,,,,,,,
,おち椿,,C179,1,,,,,,,フルート1
,落葉の踊,宮城道雄,"CD9
C21,119,125,140,141,
151,152
A11,12,149,231　B84　D116",1,1,1,,,,,
,躍る,石垣征山,A55,2,2,,,,,,
,踊る粉雪,半田淳子,C18,,,,,,,,
,"尾上の松
（おのえのまつ）",宮城道雄編,"CD6,13　C157,166,184
A35,48,90,102,116,231,239　B86,112,145 E7",1,,1,1,,,,
,お不動さま,三木稔、野坂恵子共作,C18,,,,,,,,
,オブリビオン～忘却～,アストル・ピアソラ,A125,,,,,,,,
,御前の袖,,C173,,,,,,,,
,お宮とお寺,宮城道雄,"CD5,13",1,,,1,,,,唄、胡弓
,思い出の歌声,沢井忠夫？,A96,,,,,,,,
,想い出のモルダウ,坂本　勉,C102,,,,,,,,不明
,お山の細道,宮城道雄,CD5,1,,,,,,,唄
,オランダ万歳（オランダ調子の万歳＜まんざい＞という意味）,市浦検校,C3,1,,1,,,,,
,オリオンの歌,大月宗明,D8,3,1,,1,,,,
,折鶴,大嶽和久,"B62,119,135　D112",2,,,,,,,
,音心,石垣征山,C51　A177　B9,2,1,,2,,,,
か,,,,,,,,,,,
,界,横山勝也,A164,,,,1,,,,エレクトーン
,KAI,水川寿也,A123,1,,,1,,,,
,"「回峰」(邦楽器と
声明による讃)",南　弘明,C23,,,,,1,,1,"二十絃,声名と真言"
,回廊の空,千住　明,A120,,,,,,,,
,薤露（かいろ）調,宮城道雄,CD10,1,1,,1,1,,1,胡弓
,カヴァティーナ,スタンリー・マイヤーズ,A125,,,,,,,,
,花影（かえい）,保木　誠,A85,1,,,1,,,,
,楓の花,松坂検校,"C2　A28,132,146,157
B40,67,134　D4,13 E5",2,,,1,,,,
,輝く大地,宮城道雄,"C120,153",,,,,,,,
,鏡,唯是震一,D36,,,,3,,,,
,かがり火,長沢勝俊,D45,,,,,,,,
,篝火,野村正峰,C36,2?,1?,,1,,,,
,篝火,牧野由多可,"C29,133　A69
D5,15,40,103",4,2,,2,,,,
,柿の種と握り飯,宮城道雄,CD5,1,,,,,,,胡弓、唄
,かぎろひ,金子由美子,A130,,,,,1,,,
,"かくれんぼ
(「三つの遊び」の）",宮城道雄,"A223 CD7　C123,149,169",1,,,,,,,
,鶴林,廣瀬量平,A229,,,,1,,,,
,掛合 (尺八二重奏曲第五番),山本邦山,"C111　B52,71",,,,2,,,,
,影法師,,A218,,,,,,,,
,かげろう,宮田耕八朗,C70,1,,,1,,,,
,かげろう,,B19,,,,,,,,
,陽炎,沢井忠夫,"A109,122",2,,,,,,,
,"かごめの主題による
四重奏曲",吉崎克彦,"C74,105　A21
B14,17　D101",2,1,,1,,,,
,かざうた,川江美奈子,A220,,,,,,,,
,風花（ふうかかも）,宮下　伸,C72,1,,,1,,,,
,飾画（かざりえ）,船川利夫,"C11,23,132,197",1,1,,3,,,,
,楫枕,菊岡検校,"C110　A28,38,78
B14,17,68,82
D16,25,64,90",1,1,,1,,,,
,鹿島立,杵屋正邦,"A63　B72,127",3,1,1,2,,,,胡弓、太棹
,花信,桜井ゆかり,C82,1,,1,1,,,,
,花簪（かしん）,,D91,,,,,,,,
,風,牧野由多可,A68,1,,,,,,,
,風,三塚幸彦,A127,,,,,,,,
,颯（かぜ）,池田静山,Ｃ63　A64,,1,,1,,,,
,風聞草,石垣征山,A169,,1,1,2,,,,
,風邪薬,池上眞吾,C164,1,,1,1,,,,
,風三章,吉崎克彦,C65　A19　B54,1,,1,,,,,
,風にきけ,吉崎克彦,C79　A20,1,,,,,,,
,風にきけPartⅡ,吉崎克彦,A19,1,,,,,,,
,風と光と空と,佐藤敏直,A70,5,2,,,,,,
,風と光の唄,内田とも子,C18,,,,,,,,
,風の色,石垣征山,A104,,,,3,,,,
,風の色,水野利彦,C131,2,,,,,,,
,風の歌,沢井忠夫,"C126,200　A111,129,195　B67",1,,,1,,,,
,数え唄変奏曲,宮城道雄,"CD7　C123,149
A11,25,50,223",1,,,,,,,
,片足鳥居の映像,佐藤敏直,A85,,,,1,,,,
,花・鳥・風・月,吉崎克彦,A151,2,1,,1,,,,
,カッコーの森,曽山良一,A127,,,,,,,,
,合唱　花さき山,宮田耕八朗,A167,2,1,,2,,,,語り、合唱
,合奏協奏曲第六番,唯是震一,A137,3,1,,1,,,,
,"合奏曲第十二番
～ガルーダ～",唯是震一,A138,4,,,1,,,,
,合奏曲千鳥,長沢勝俊,C128,3,1,,,,,,
,合奏曲六段,長沢勝俊,C128　D124,3,1,,,,,,
,門付け,古典本曲,"A189, 260",,,,1,,,,
,鼎（かなえ）,松本雅夫,"C116,182　A126,205
B1,3,5　D24",,,,3,,,,
,奏,,B111,,,,,,,,
,"鐘ヶ岬（かねがさき、
生田流でいう新娘道成寺）","石川勾当
が通説",C167,1,,2,1,,,,
,カプリッチオ,牧野由多可,C190,4,2,,1,,,,
,紙治（かみじ）,富崎春昇,C173,,,,,,,,
,紙屋治兵衛,,C173,,,,,,,,
,神（かむい）,"三塚幸彦
曽山良一
岡田　修",A127,,,,,,,,
,華紋,吉崎克彦,"C74,105　B12　D108",2,1,,1,,,,
,花千（かゆき）,川崎絵都夫,A203,2,1,1,,1,,,
,唐臼のある風景,宮田耕八朗,C96,2,1,,1,,,,
,傘舞台（からかさぶたい）,宮城道雄,CD5,1,,,,,,,唄
,唐砧,宮城道雄,"CD9　
C119,120,126,141,153
A10,13,26,36,49　B21,49,83,126,132,139
D10,26,28,47,72,102",2,,1,,,,,
,烏川（からすがわ）,宮田耕八朗,C96,,1,,1,,,,
,からたちの花,山田耕筰,A219,,,,,,,,
,雁,山本邦山,"A76, 261　D7,28",,,,1,,,,
,狩の使,柴田南雄,A159,,,,,,,,
,刈干切唄（かりぼしきりうた）,,A22　D12,,,,1,,,,
,ガルーダ（合奏曲第十二番）,唯是震一,A138,4,,,1,,,,
,迦樓羅（かるら）,池上眞吾,C94　A18　B50,2,1,1,2,,,,合奏曲
,枯山水,山本邦山,"A7　B12,74　D48,109 E8",,,1,1,,,,
,枯野砧,沢井忠夫,"A1,175",,,1,,,,,
,枯野凩,柴田南雄,A159,,,,,,,,
,枯葉,Joseph Kosma,A122,1,1,,,,,,
,カレーライス,池上眞吾,C108,1,,1,1,,,,
,河内音頭によせて,菊重精峰,A170,1,1,1,1,,,,
,甲乙（かんおつ）,山本邦山,"C16　A79（弟子野村峰山にお稽古をつける山本邦山）,227",,,,1,,,,
,寒砧,流祖中尾都山,A143,,,,2,,,,
,歓喜の調,久本玄智,B119,,,,,,,,
,緩急,山本邦山,C15 A198,,,,3,,,,
,寒月,流祖中尾都山,"A99(途中まで),117,145　C189",,,,3,,,,
,管弦楽組曲第2番より,J.S.バッハ,A219,,,,,,,,
,管弦二章,中村洋一,C187,3,1,2,2,,,1,
,灌頂（三本の尺八のための）,廣岡倭山,A179,,,,3,,,,
,間奏曲,川崎絵都夫,C91,1,,1,,,,,
,管の彩（あや）,石垣征山,"A55,197　B14,16",,1,,2,,,,
,観音様,,C148,,,,,,,,
,神辺小唄<上>(かんなべこうた）,宮城道雄,CD13,,,1,,,,,唄
,神辺小唄<下>(かんなべこうた）,宮城道雄,CD13,1,1,1,1,,,,唄、打物
き,,,,,,,,,,,
,祇王 （笛とオーケストラのための交響曲）　,,C57,,,,1,1,,,オーケストラ
,戯曲,吉崎克彦,C79　A19,2,1,,1,,,,
,きく,眼龍義治,C91,1,,,,,,,
,紀元二千六百年　讃歌,,C148,,,,,,,,
,萌揺の譜（きさゆらみのふ）,川崎絵都夫,C171,,,1,2,1,1,2,二十絃×2
,汽車ごっこ（「三つの遊び」の）,宮城道雄,"A223 CD7　C123,149,169",1,,,,,,,
,北風のとき,宮田耕八朗,"C69,129　A16",,1,,1,,,,
,北国雪賦,長沢勝俊,"C41,135　B33,124,131　D106","2
(4)",1,1,,,,,
,北の詩（ダンスコンセルタントⅣ）,三木　稔,"C40,71　A97",1,1,1,2,1,1,2,二十絃、胡弓
,樹と波と（題が異？）,三善　晃,C57,,1,,,,,,
,砧,宮城道雄,"CD8　C21,120
A12,26　B38,55,92,121,126,133,134,142
D19,30,42,47,63,65,67,89",2,,,,,,,
,砧三章,沢井忠夫,"C27 E6,7",2,1,,,,,,
,砧への幻想,坂本勉,B110,,,,,,,,
,絹の道 （四重奏曲第四番）,唯是震一,A139,1,1,1,1,,,,
,気の合う二人,池上眞吾,C164,,,,,,,,
,希の曲,藤井凡大,"C54,135　B55  D62,113",2,1,1,3,,,,
,吉備路,三上澄恵,"D30,55,65,118",,,,5,,,,
,キビタキの森,宮田耕八朗,"C50,69,113,129
A16　D59,63,105",1,,,1,,,,
,希望の朝,宮城道雄,CD8,1,,,,,,,フルート
,君が代変奏曲,宮城道雄,"C124,150",3,,,,,,,
,君のめぐみ,,"D55,72",,,,,,,,
,キャニオン・ビュー,ジョン海山ネプチューン,"C89　B54　D103,119 E1",3,1,,1,,,,
,嬉遊曲（箏と三絃のための）,船川利夫,"C12　A10,80,236
B22,25,28,64,90",1,,1,,,,,
,嬉遊曲（箏と尺八のための）,石垣征山,"C51　B62　D77,118",1,,,1,,,,
,嬉遊曲(二面の箏の）,清水　脩,A70,2,,,,,,,
,九州民謡による組曲,牧野由多可,B118 C133,2,1,,1,,,,
,九州鈴慕,琴古流本曲,A27,,,,1,,,,
,狂詩的ミューズ,吉崎克彦,A19,1,1,,1,,,,
,協奏曲第七番,唯是震一,A138,,,,,,,,
,協奏曲風「輪舌」,唯是震一,A139,2,1,,1,,,,
,京都の印象,坂本　勉,C95,2,,,,,,,
,京の四季,,C173,,,,,,,,
,京の春,長沢勝俊,"C18,78",2,1,1,2,,,,
,今日の喜び,宮城道雄,"CD8　C119,152",1,1,,,,,,
,京みだれ,,"B39,119,135　D81",2,,,,,,,
,漁村の曙,宮城道雄,"A210 D46 B100,123,127,139 E5",1,,,1,,,,
,虚鈴,古典本曲,A165,,,,1,,,,
,綺羅,杵屋正邦,"C46,93　A96",1,,,,,,,
,亀齢,唯是震一,A142,,,,,,,,
,銀河,沢井忠夫,"C92　A2,175",1,,1,,,,,
,銀界,菊池雅章,A224,,,,,,,,
,金魚,宮城道雄,A223,,,,,,,,
,金の鵄（とび）,宮城道雄,CD5,1,,,,,,,唄
,金髪のジェニー,千住明編曲,A120,,,,,,,,
,吟游,杵屋正邦,D56,,,,1,,,,
,金襴（きんらん）,沢井忠夫,A110,,,,,,,,
,銀嶺,佐藤義久,B128,2,,,,,,,
く,,,,,,,,,,,
,空（くう）,藤原道山,A120,,,,1,,,,
,草野心平の詩から,,C163,,,,,,,,
,草笛の頃 (三重奏曲第一番),宮田耕八朗,"C69,129,198　A16　B90　D70,86",1,1,,1,,,,
,串人形,牧野由多可,A69,,1,,,,,,
,熊野讃景,大嶽和久,"E4,8",2,1,1,1,,,,
,熊野へ参らんと,柴田南雄,A71,1,,,,,,,唄
,組曲きたぐに,野村正峰,C42,2,1,,1,,,,
,組曲長崎十二景,唯是震一,A137,1,1,1,1,,,,胡弓、鐘
,雲井獅子,古典本曲,A105,,,,1,,,,
,雲居調,山本邦山,A227,,,,1,,,,
,雲のあなたに,宮城道雄,CD4,1,,,1,,,,
,グラデーション,吉崎克彦,C186,,,,,,,,
,グリーンスリーヴス,,C31,,,,,,,,
,暮色,吉崎克彦,C65　A21,2,,,,,,,
,くるだんと,三木　稔,D15,,1,3,3,1,,3,唄
,クレッセント,吉崎克彦,"C74,105　A19",1,,,1,,,,
,黒髪,湖出市十郎,"A2(三絃のみ),47,57,
156,163,187　B65",1,,1,1,,,,
,黒田節,,D49,,,,,,,,
,黒田節による幻想曲,沢井忠夫,C27,2,1,,1,,,,
け,,,,,,,,,,,
,けしの花,菊岡検校,"C32　A47,57,185　B84,103,139　D22",1,,1,1,,,,
,月下竹韻,藤原道山,A219,,,,,,,,
,月下の舞い,宮下秀冽,C33,,,,,,,,
,絃歌,肥後一郎,A17,1,1,,,,,,
,源氏物語（前奏曲）,宮城道雄,"C154,155",,,,,,,,
,源氏物語（須磨巻）,宮城道雄,C154,,,,,,,,
,源氏物語（初音巻）,宮城道雄,CD13　C154,1,,,,,,,朗読
,源氏物語（明石巻）,宮城道雄,CD13　C156,1,,,,,,,朗読
,幻想的ソナタ,坂本　勉,C80,1,,,,,,,
,幻想的二章,水野利彦,"C77,161",2,1,,,,,,
,現代三番叟（げんだいさんばそう）,杵屋正邦,C54,,,,,,,,大合奏
,弦舞,水野利彦,C83,1,1,1,,,,,
こ,,,,,,,,,,,
,恋風,千住　明,A120,,,,,,,,
,恋の予感,牧野由多可,C134,,,,,,,,
,恋は水色,牧野由多可,C134,,,,,,,,
,光輝,久本玄智,"D56,88,119",1,,,1,,,,
,交響詩朱輪銀鈴,長沢勝俊,C73,4,1,2,4,1,,3,
,慷月調,流祖中尾都山,"C10　A99（抜粋）,144,179,213",,,,1,,,,
,皓々（箏独奏のための）,沢井忠夫,A110,1,,,,,,,
,皇后宮御歌,,C148,,,,,,,,
,交織,ジョン海山ネプチューン,C34,1,1,,1,,,2,
,行進,宮城道雄,A223,1,,,,,,,
,交声曲　鶴之詩,藤井凡大,C73,2,1,,1,,,,唄
,行藾（こうらい）,藤本まさえ,C38,,,,1,,,,
,呼応,杵屋正邦,C87　A10,,,2,,,,,
,氷の雫音,水川寿也,A123　B73,2,1,1,1,,,,
,こほろぎ,宮城道雄,"A206 CD8　C76,103,119,152　D31,116　B109,134",1,,,1,,,,
,胡茄の歌,野村正峰,C170　D108,2,,,1,,,,
,木枯,流祖中尾都山,"C8,116　A143,189,199
D23,27,32",,,,1,,,,
,孤響,三木　稔,C49（入っておらず）,,,,1,,,,
,こきりこの里,野村正峰,C36　D45,2,,,1,,,,
,虚空,古典本曲,"A27,88,100,105,112,173,199,219",,,,1,,,,
,小督（こごう）の曲,山田検校,A44,1,,1,1,,,,
,心の子守唄,,C148,,,,,,,,
,五臓六腑,池上眞吾,C164,,,2,,,,,
,五重奏曲,栗林秀明,"C48,130",4,1,,,,,,
,五重奏曲壱越調,"富井輦山
（れんざん）",D59,2,1,1,1,,,,
,湖上の月,流祖中尾都山,"A30,179　D88",,,,2,,,,
,梢,松本雅夫,A96　B21,3,,,,,,,
,こすもす,宮城道雄,"CD4,13　C147",1,,,1,,,,
,五節の舞,沢井忠夫,C35,1,2,,,,,,
,古代舞曲によるパラフレーズ,三木　稔,"C52,185",2,1,1,2,1,2,,ソプラノ
,五足十三和十八番,ジョン海山ネプチューン,"C34,89　D112",1,,,1,,,,
,五段砧,光崎検校,"C139,196
A14,22,31,51,121,157,158,230,239
B12,23,25,28,68,84,136,145
D2,4,16,34,35 E8",2,,,1,,,,
,東風,藤原道山,A220,,,,,,,,
,呉歩（ごっほ）,吉崎克彦,A20,2,1,,1,,,,
,こ手鞠,吉崎克彦,"C74,105　A20 B135",2,,,,,,,
,"古典技法による
「四つの楽器」",藤井凡大,A77,1,1,1,1,,,,
,古傳巣籠,古典本曲,"A105,173",,,,1,,,,
,古典風二重奏曲「惜別の舞」,宮田耕八朗,C129,1,,,1,,,,
,古都,宮下　伸,C72　D114,2,,,,,,,
,湖都,山本邦山,"A6　B19,62　D75",2,1,,2,,,,
,古道成寺,市浦検校,C5,,,,,,,,
,"箏合奏のための
オデュッセイア",新実徳英,A17,,,,,,,,
,箏合奏のための舞踏組曲,,B110,,,,,,,,
,箏協奏曲,大嶽和久,C107,3,1,,,,,,
,箏三重奏,船川利夫,"C135　B49,57,84　D28,43,54",2,1,,,,,,
,"箏三重奏曲
（和楽器のための三重奏曲）",小山清茂,A71,2,1,,,,,,
,箏三重奏曲,長沢勝俊,D73,2,1,,,,,,
,箏三重奏曲第一番,吉田興三郎,A61,,,,,,,,
,箏四重奏曲,船川利夫,"C68,130　A103,133,172,197,231
B23,24,27,77,79,86,134,136
D5,35,57",2,1,,1,,,,
,箏四重奏曲,沢井忠夫,"D7,19,51,70",3,1,,,,,,
,箏・尺八による小品　「雨」,山本邦山,"A84,111,171　B61",1,,,1,,,,
,箏・尺八・ピアノ三重奏曲,坂本　勉,C102,1,,,1,,,,ピアノ
,箏・十七絃二重奏曲「点描」,唯是震一,A142,1,1,,,,,,
,"箏譚詩集第二集より
「めばえ」",三木　稔,C34,1,,,,,,,二十絃、又は十三絃
,"箏独奏曲　
聯（れん）－断章－",船川利夫,C68,1,,,,,,,
,"箏独奏のための一楽章
「上無」",山本邦山,A76,1,,,,,,,
,箏独奏のための皓々（こうこう）,沢井忠夫,A110,1,,,,,,,
,箏と三絃独奏と管弦の為の協奏曲第十番,唯是震一,A138,3,1,1,1,,,,
,箏と三絃のための嬉遊曲,船川利夫,"C12　A10,80,236
B22,25,28,64,76,78 E4",1,,1,,,,,
,箏と三絃のための組曲,中能島欣一,A154,3,,2,1,,,,
,箏と尺八のための嬉遊曲,石垣征山,"C51　B62　D77,118",1,,,1,,,,
,箏と尺八のための二重奏,池上眞吾,C94　A18,1,,,1,,,,
,"箏と尺八のための
ソナタⅠ",坂本　勉,C95,1,,,1,,,,
,箏と尺八のための夜想曲,関　一郎,A118,1,,,1,,,,
,"箏と十七絃による
五重奏曲",森岡　章,D10,3,2,,,,,,
,箏と十七絃による百花譜,沢井忠夫,A110,1,1,,,,,,
,箏と十七絃のための三重奏曲一番,坂本　勉,C80,2,1,,,,,,
,箏と十七絃のための小組曲,山本邦山,"C27　A84　B47,80,100
D16,34,64,85,93,113",2,1,,,,,,
,箏二重奏ソナタ,小野　衛,C93　A49　B40　D118,2,,,,,,,
,箏二重奏曲第一番,唯是震一,A141,2,,,,,,,
,箏二重奏曲第二番,唯是震一,A142　B8,2,,,,,,,
,箏による日本名曲集,,D57,,,,,,,,
,箏の為の嬉遊曲,吉田興三郎,A73,,,,,,,,
,箏の為の小協奏曲,吉田興三郎,A61,,,,,,,,
,箏の為のモノローグ,増本喜久子,A71,,,,,,,,
,箏のなかま,三木　稔,C25,1,1,,,,,,二十絃、スチール絃箏、樂箏
,言葉の夜,竹間　淳,A85,,,,1,,,,
,琴姫のうた,水野利彦,"C83,113　D119",2,1,1,1,,,,
,寿,山本邦山,A76,,,,,,,,
,寿,,C165,1,,1,,,,,
,寿（合奏曲）,杵屋正邦,C32,3,1,1,2,,,,
,寿の舞,金子由美子,A130,,,,,2,,,
,子供の四季,長沢勝俊,"C78,140",4,1,1,2,1,1,1,合唱
,子供のための組曲,長沢勝俊,"C73,199
D1,24,59,94,106",2,1,1,3,1,1,2,
,子供のためのラプソディー,水野利彦,"A212 C77,161",2,1,,1,,,,
,小鳥の歌,宮城道雄,"CD9　C119,151　D31,92",1,,,2,,,,
,"五人の尺八奏者の
ための音楽",仲俣申喜男,C49,,,,5,,,,
,"五人の尺八奏者の
ための「涼」",山本邦山,A76,,,,5,,,,
,この道,山田耕作,A134,,,,,,,,
,琥珀の道,藤原道山,A134,,,,,,,,
,湖畔の夜,山本邦山,A192,,,,1,,,,
,湖辺の夕（ゆうべ）,宮城道雄,"CD9　C119,151",1,,,1,,,,胡弓
,高麗の春（こまのはる）,宮城道雄,"CD2　C119　B33,93,123,144",1,,1,1,,,,
,子守唄,長沢勝俊,C18,,,,,,,,
,こもれび,宮下　伸,C72,1,,,,,,,
,木もれび  －光と波と－,吉崎克彦,C66　D110,1,1,1,,,,,
,殺せる女,池上眞吾,C164,,,1,,,,,唄
,更衣（ころもがえ）,杉浦正嘉,C171,,,,,,,,
,コロポックルのうた,長沢勝俊,"C93　B18,49",1,,1,1,,,,
,吼噦（かいは狐会とも書く）,宮城道雄,"A211 CD6　C167,184　B100,112 E3",1,,1,,,,,
,金剛石,楯山検校,D36,1,,,1,,,,
,ゴンドラの唄,中山晋平,A125,,,,,,,,
さ,,,,,,,,,,,
,彩雲,石垣征山,C59,1,,,1,,,,
,彩画（尺八四重奏曲第二番）,山本邦山,"A172　B82　D56,58",,,,4,,,,
,西行桜,菊崎検校,"C4　A51,201,202,222　B104 E5",1,,1,1,,,,
,サイレント・イブ,,D74,,,,,,,,
,囀り（さえずり）,沢井忠夫,A110,2,,,,,,,
,酒歌,唯是震一,A137,1,,1,1,,,,唄
,嵯峨野,大嶽和久,D118,1,,1,,,,,
,嵯峨の秋,菊末検校,"C21,140　A33,155
B76,78,109　D30,62",2,,,1,,,,
,サカラメンタによるキリシタンの子守唄,神津善行,A197,1,,,1,,,,
,下り葉（さがりは）,古典本曲,"A88,106,173",,,,1,,,,
,下り葉の曲（さがりはのきょく）,琴古流本曲,C56,,,,2,,,,
,さぎ草双紙,石垣征山,A168,1,1,,2,,,,
,さくら,水野利彦,C83,2,1,,2,,,,
,桜川,光崎検校,"A184　C168　B55,106,132　D9 E6",1,,2,1,,,,
,桜川,現代邦楽,C37,,,,,,,,
,さくら幻想曲,関　一郎,A129,1,,,1,,,,
,さくらさくら変奏曲,編曲沢井忠夫,C62　A195,1,,,,,,,
,さくら三重奏,野村正峰,C170　D53,2,1,,,,,,
,さくらと春風,野村正峰,C170,,,,,,,,
,さくら変奏曲,宮城道雄,"CD9　A11,23,26 B142
C124,125,126,150,184（途中から）",2,1,,,,,,
,狭衣,市川検校,A214,,,1,,,,,
,笹の露　(酒),菊岡検校,"C3,176　A5,38,59,103　B93,127",1,,1,1,,,,
,さざんか,眼龍義治,C91,1,,1,1,,,,
,山茶花（さざんか）,宮下　伸,C72,2,,,,,,,
,さしそう光,宮城道雄,"CD1,13　A13　B97",2,,,,,,,
,さすらい,坂本　勉,C80,1,,,,,,,
,五月のうた,宮田耕八朗,"A209 B81,115,121,122,133 C86　D114",,,,2,,,,
,颯踏（さっとう？）,長沢勝俊,C88,,,,,1,,2,
,さとの子守唄,,A130,,,,,2,,,
,里の春,"菊岡検校、
箏手付者不明",A185,1,,1,1,,,,
,覚（さとる）,船川利夫,"C12,20",,,,10,,,,
,サバンナ紀行,宮城純一,C91,1,,,1,,,,
,さむしろ,在原勾当,"B113,137",1,,1,1,,,,
,更紗（さらさ）,唯是震一,A142,1,,,1,,,,
,さらし,山田流,"A87(青木鈴慕の尺八素吹き),161　　B39,45,127 E5",1,,2,,,,,
,さらし幻想曲,菊城正明,"D57,85",,,,,,,,
,さらし幻想曲,中能島欣一,"A10,108,172,232　D94",1,,1,1,,,,"フルートか
尺八"
,さらし風手事,宮城道雄,"CD8　C125　A11,13,24　B90,104,123,133,137
D13,15,24,41,90,122 E3",2,,,,,,,
,サラスヴァティーへ「風」,見目順一郎,C171,,,,,,,,
,沙羅の花,池上眞吾,C179　B72,1,,,,,,,フルート1
,沢之瀬,菊池雅章,A224,,,,,,,,
,燦（さん）,石垣征山,A104,,,,5,,,,
,産安　（さんあん）,海童道祖（わだつみどうそ）,"C56　A89,106,164,173,199
D72",,,,1,,,,
,残影,中能島欣一,A154,1,,,,,,,サックス
,讃歌,沢井忠夫,"C98　A96,109",1,,,,,,,
,三管譜,中村洋一,C49,,,,3,,,,
,三曲第一番,唯是震一,A140,1,,1,1,,,,
,三曲第五番,唯是震一,A141,1,,1,1,,,,
,三曲第三番,唯是震一,"A77,141",1,,1,1,,,,
,三曲第二番,唯是震一,"A77,98,141　B57,75",1,,1,1,,,,
,三曲YAGI BUSHI,池上眞吾,C94　A18 B143,1,1,1,1,,,,
,三曲第六番,唯是震一,A141,1,,1,1,,,,
,残月,峰崎勾当,"A3,22,25,41,54,59,87(87は青木鈴慕の尺八素吹),117,135,
176,238　
C21,76　B41　D5",1,,1,1,,,,
,三絃協奏曲第一番,中能島欣一,"A10,154　B76,78,93",2,1,1,,,,,
,三絃と日本楽器によるディヴェロプメント,長沢勝俊,A66,2,1,1,3,1,1,1,太棹
,三絃二重奏,池上眞吾,C94,,,2,,,,,
,三絃練習曲,宮城道雄,"D38,77,84,100,107,110　B108,123,132,139",,,2,,,,,
,残光の彼方へ,水川寿也,A181,3,1,2,2,,,,
,さんさ時雨,,C160,,,,,,,,
,三糸遊奏,沢井忠夫,A176,,,2,,,,,合奏群
,三重奏曲　「峡」,小野　衛,C47,,1,1,1,,,,
,三重奏曲第一番「草笛の頃」,宮田耕八朗,"C69,129,198　A16　D70,86",1,1,,1,,,,
,"三重奏曲第二番　
「海の青さに」",宮田耕八朗,"C69,129",1,1,,1,,,,
,三重奏曲第六番「手紙」,宮田耕八朗,C86,1,1,,1,,,,
,三重奏曲　「波」,菊城正明,C23,2,1,,,,,,
,三段の調,久本玄智,"B10,20,46,51,63,74,83,92,99,103,108,116,123,132,139
D3,14,23,26,27,38,43,45,65,72,84,89,95,99,110,114,
121,127",2,,1,1,,,,
,三本の尺八と箏・十七絃のための五重奏曲,杵屋正邦,"C29,162",1,1,,3,,,,
,"三本の尺八のための
「灌頂（かんじょう）」",廣岡倭山,A179,,,,3,,,,
,"三本の尺八のための作品
No.１",前田憲男,A126,,,,3,,,,
,三本の尺八のための「序」,綿村松輝,C171,,,,3,,,,
,三本の尺八のための「生地（しょうち）」,山本邦山,C16　D90,,,,3,,,,
,三枚のお札,水川寿也,A123,2,1,1,1,,,,語り
,三谷　（様々な「さんや」があるが、「さんや」とは梵語で集いという意味らしい）,古典本曲,"A88,106,173,229　D99",,,,1,,,,
,山谷（さんや）,古典本曲,A89,,,,1,,,,
,三谷管垣（さんやすががき)　　(三谷とは異なる）,琴古流本曲,"C56　A30,165",,,,2,,,,
し,,,,,,,,,,,
,ジェントル・フェイス「和顔」,ジョン海山ネプチューン,C34,,,,1,,,,ピアノ
,"紫苑(しおん）
(尺八と十七絃のための二章)",山本邦山,"A84,129,197　D113,121",,1,,1,,,,
,鹿の遠音,琴古流本曲,"C191,194
A22,27,30,86,102,106,
112,164,166,188,199,209,239　D87",,,,"2
(1)",,,,
,時間∞旅行,吉崎克彦,B114,2,1,,1,,,,
,四季,大貫妙子,A220,,,,,,,,
,四季彩,菊重精峰,B37,,,,,,,,
,四季の曲,八橋検校,A46,1,,,,,,,
,四季の小箱,熊沢辰巳,A178,,,,,,,,邦楽器群
,四季の月,船川利夫,C12,1,,,,,,,唄
,"四季の詠
（しきのながめ、詠は眺とも書く）",松浦検校,"C5,19,115,118,177
A31,39,52,56,94　B84,102,116,139　D73",1,,1,1,,,,
,四季の日々より「春の日」,沢井忠夫,"C35,139",2,,,,,,,
,四季の柳,宮城道雄,CD3　A35,1,,1,1,,,,
,詩曲,長沢勝俊,C30　A193,,,,1,,,,
,詩曲一番,松村禎三,"C182　A72,119,193",1,,,1,,,,
,詩曲二番(尺八のための）,松村禎三,"A100,119,193,200",,,,1,,,,
,しぐれの夜,坂本　勉,C80,1,,,,,,,
,四重奏曲,伊藤隆太,A70,1,1,1,1,,,,
,四重奏曲第一番,間宮芳生,D91,,,,,,,,
,四重奏曲第一番,唯是震一,A139,4,,,,,,,
,四重奏曲第五番,唯是震一,A139,1,1,1,1,,,,
,四重奏曲第三番,唯是震一,A139,1,1,1,1,,,,
,四重奏曲第三番「松の曲」,野田暉行,C22,2,1,,1,,,,
,"四重奏曲第二番
（尺八・箏・三絃・十七絃のための）",唯是震一,"C50,62,157,198
A139　B13,16,38,68
D60,97",1,1,1,1,,,,
,四重奏曲第四番「絹の道」,唯是震一,A139,1,1,1,1,,,,
,四重奏曲第六番「ヨセミテ」,唯是震一,A140,1,1,1,1,,,,
,志図（しず）の曲,琴古流本曲,A188,,,,1,,,,
,シタール＋尺八,即興,D110,,,,1,,,,シタール
,絲竹交響曲第一番,藤井凡大,"C28　B44　D33,70",2,1,2,2,,,,
,絲竹交響曲第二番,藤井凡大,"C28,190　A62　B26,29,69,100
D2,22,50,108,120 E3,8","2
(4)","1
(2)","2
(4)","2
(4)",,,,
,絲竹交響曲第三番,藤井凡大,A74,2,1,1,2,,,,
,シチリアーノ,,C195,,,,,,,,洋楽
,篠笛と琵琶のための詩曲,松村禎三,A130,,,,,1,1,,
,島唄,宮沢和史,A220,,,,,,,,
,島の朝,宮城道雄,"C149　A23,149,210,223　B102,127 E5",1,,,,,,,？
,霜夜,流祖中尾都山,A143,,,,2,,,,
,霜夜の砧,柴田南雄,A159,,,,,,,,
,尺八が奏でる日本のうた,,A177,,,,,,,,
,尺八協奏曲,長沢勝俊,"B111,142 C43,57,199 ",2,1,1,1,1,1,2,
,尺八・箏・三絃と十七絃のための四重奏曲 第二番,唯是震一,"C50,62,157,198　A139　B13,16,38,68　D60,97",1,1,1,1,,,,
,"尺八・箏・十七絃による
三重奏曲",唯是震一,A140,1,1,,1,,,,
,"尺八・箏・十七絃による　
「装画」",沢井忠夫,"C27(途中から),93,200　D9,64",2,1,,2,,,,
,尺八・三絃・二面の箏のための四重奏曲,間宮芳生,C46,2,,1,1,,,,
,尺八三重奏曲,川崎絵都夫,A203,,,,3,,,,
,尺八三重奏曲,船川利夫,"C132　A126,205　B42",,,,3,,,,
,尺八四重奏曲　第一番,山本邦山,"C67　A76　D41,51",,,,4,,,,
,"尺八四重奏曲　第三番
「衆籟」",山本邦山,A6,,,,4,,,,
,"尺八四重奏曲　第二番
「彩画」",山本邦山,"A172　D56,58",,,,4,,,,
,"尺八・十七絃の為の
二重奏曲",宮下秀冽,A64,,1,,1,,,,
,尺八とオーケストラのための協奏曲,山本邦山,A226,,,,,,,,
,尺八独奏曲一番,,D14,,,,1,,,,
,尺八と管弦のための協奏曲,廣瀬量平,A160,,,,1,,,,管弦楽
,尺八と弦楽器と打楽器のためのコンポジション,廣瀬量平,A204,,,,3,,,2,弦楽器・打楽器
,尺八と箏の協奏的二重奏,入野義朗,"C191　A118,198",1,,,1,,,,
,"尺八と箏のための
協奏曲第三番",唯是震一,C116　A98,4,1,,2,,,,独奏箏、独奏尺八を含む
,"尺八と箏のための
協奏曲第十一番",唯是震一,A138,4,2,,1,,,,
,尺八と箏のための断章,佐藤敏直,A104,1,,,1,,,,
,尺八と十七絃のための二章「紫苑」,山本邦山,"A84,129　D113,121",,1,,1,,,,
,尺八と十七絃のための「黎」,保木　誠,A128,,1,,1,,,,
,尺八と琵琶による二重奏,石川憲弘,C58,,,,1,,1,,
,尺八とフルートのための「三籟(SANRAI)」,山本邦山,A227,,,,,,,,
,尺八二重奏曲第一番　「竹」,山本邦山,"C15　A65,76,190,227　B71
D7,19,23,115,124(途中から),128",,,,2,,,,
,尺八二重奏曲第五番「掛合」,山本邦山,"C111　B52,71",,,,2,,,,
,尺八二重奏曲第三番「対動」,山本邦山,"A172,190,227 B109,145　D38,47,84,110 E4",,,,2,,,,
,尺八二重奏曲第七番「双宴」,山本邦山,A190,,,,2,,,,
,尺八二重奏曲第二番,山本邦山,"C15　A190　B76,78
D11,27,45,121",,,,2,,,,
,尺八二重奏曲第四番,山本邦山,"C111　A6,190　D43",,,,2,,,,
,尺八二重奏曲第六番「虹」,山本邦山,A190,,,,2,,,,
,"尺八二本と十七絃による
「水墨」",唯是震一,A140,,1,,2,,,,
,尺八のためのプレリュード,間宮芳生,D106,,,,1,,,,
,尺八の独奏曲（曲名不明）,,C67（途中まで）,,,,1,,,,
,尺八のなかま,三木　稔,C25,,,,1,1,,,"竜笛（りゅうてき）,能管,篳篥（ひちりき）,笙（しょう）"
,鯱の城,野村正峰,C36,1,1,,1,,,,
,石橋（しゃっきょう）,"芳沢金七
若村藤四郎","C63　A4　B34,93,134　D122 E5",1,,1,1,,,,
,三味線協奏曲,長沢勝俊,C88,2,1,1,2,1,1,2,
,三味線組歌琉球組,米川文子,C17,,,,,,,,
,ジャラン・ケパ,宮城純一,C96,1,,,1,,,,
,終,菊池雅章,A224,,,,,,,,
,驟雨,菊池雅章,A224,,,,,,,,
,"十七絃と箏群のための
協奏曲第四番",唯是震一,A138,4,1,,,,,,
,衆籟（しゅうらい）,山本邦山,A6,,,,4,,,,
,秋霖（しゅうりん）,唯是震一,C106（三絃）,,,1,1,,,,
,秋凛,池田静山,C91,2,,,,,,,
,秋麗之賦,川崎絵都夫,"C114　B2,4,7,59,88,118",3,1,2,3,,,,
,樹海,石垣征山,"C51　B31,72　D75",2,1,,2,,,,
,樹冠,長沢勝俊,"C50　B48　D70,105",3,1,,1,,,,
,樹氷,松本雅夫,B119,,,,,,,,
,祝典箏協奏曲,宮城道雄,"C153,184　A23",,,,,,,,
,ジュピター,,B126,,,,,,,,
,春懐,船川利夫,C68　A7　D120,1,,1,1,,,,
,春興,久本玄智,A177,2,,,1,,,,
,春景八章,野村正峰,B51,,,,,,,,
,春吹２,横山勝也,A198,,,,3,,,,
,春陽楽,宮城道雄,CD11　C124,1,,,1,,,,"胡弓、笙、
玲琴"
,序,菊池雅章,A224,,,,,,,,
,序（三本の尺八のための）,綿村松輝,C171,,,,3,,,,
,松巌軒鈴慕（しょうがんけんれいぼ）,古典本曲,A198,,,,1,,,,
,小組曲（箏と十七絃のための）,山本邦山,"C27　A84　B47,80
D16,34,64,85,93,113",2,1,,,,,,
,上弦の曲,沢井忠夫,"A109,193　B34,71,134",1,,,1,,,,
,招春賦,笹本武志,"C110　A81
B10,38,51,55,85,111,124,133",2,,,1,,,,
,"生地（しょうち）
(三本の尺八のための)",山本邦山,C16　D90,,,,3,,,,
,松竹梅,三津橋勾当,"C5,90,142,165
A29,45,54,60,91,181,221,225,232",1,,1,1,,,,
,情熱大陸,,B126,,,,,,,,
,小品（Ⅰ）,栗林秀明,"C48,130",1,,,,,,,
,小品（Ⅱ）,栗林秀明,"C48,130",1,,,,,,,
,常妙,杵屋正邦,"C46,87",,,1,,,,,
,縄文式マンモス,笹本武志,A81　B72,,1,,,,,,ソプラノパンフルート
,浄瑠璃寺,中村洋一,C73,3,1,,1,,,,
,昭和松竹梅,宮城道雄,CD2,2,,,,,,,
,初学入門,,D25,,,,,,,,
,序の曲,青木鈴慕,A198,,,,3,,,,
,じょんがら,宮田耕八朗,"C70,113　A64,152
D106,111,118",1,1,1,,,,,
,じょんがら変奏,水野利彦,C131,2,,,,,,,
,白樺の林にて,野村正峰,"C36,81",2,,,1,,,,
,白拍子,,A163,1,,,,,,,唄
,調（しらべ）,古典本曲,A199,,,,1,,,,
,白いお月さま,半田淳子,C18,,,,,,,,
,白い航跡,,B54,,,,,,,,
,新浮舟,松浦検校,"A34,60,90,113　B57,109",1,,"1
(2)",1,,,,
,ジングルベル,,D118,,,,,,,,
,心月,古典本曲,"A105,118",,,,1,,,,
,"心月調　
（心月、総心月とは別の曲らしい）",海童道祖,D79,,,,1,,,,
,新ざらし,中能島欣一,"A225,230,240",1,,1,,,,,
,新粧,杵屋正邦,C188　D69,3,1,2,4,,,,
,新世界より～家路～,"アントニン・
ドヴォルザーク",A134,,,,,,,,
,神仙調舞曲,唯是震一,E6,1,,,,,,,
,新高砂,寺島検校,"A37,40,187",2,,,1,,,,
,神保三谷,神保政之助,D110,,,,1,,,,
,新松尽し,作詞、作曲者不詳、松浦検校または菊岡検校編曲,A184,1,,"1
",,,,,
,新娘道成寺,石川勾当が通説,"C136　A3,48,132,191,218　B67,92,97",1,,2,1,,,,
,シンフォニエッタ・ルラーレ,上野耕路,C101,1,1,1,1,1,1,1,
,深夜の月,松浦検校,A238,,,,,,,,
す,,,,,,,,,,,
,水源郷の印象,宮下秀冽,C22,1,,,,,,,
,水幻譜,吉松　隆,C93　A128,1,,,1,,,,
,スイスの登山電車,三木稔、野坂恵子共作,C18,,,,,,,,
,瑞,唯是震一,A142,1,,,1,,,,
,瑞星（ずいせい）,山本邦山,"C138　A84,128,201",1,,,1,,,,
,水滴,宮城道雄,CD4,1,,,,,,,
,水墨（尺八二本と十七絃による）,唯是震一,A140,,1,,2,,,,
,須唄流三章,藤井凡大,D75,,,,,,,,
,末の契,松浦検校,"C118,145,193
A33,49,78,118　B99,119,140
D10,59,79,123",1,,1,1,,,,
,鈴虫,宮城道雄,A206 CD8　C120,1,,,1,,,,
,スターズ・ギフト,水野利彦,A111,2,1,,1,,,,
,砂の浜で,石垣征山,A55,,1,,1,,,,
,スペイン風即興曲,吉崎克彦,C65,,1,,,,,,
,墨絵の葦,,A90,1,,1,,,,,
,すみだ川,宮城道雄,CD13　C148,1,,,,,,,"フルート1,歌"
,"すり鉢・れん木
（打ち合わせ）",「すり鉢」油屋茂作　「れん木」作曲者不詳,A186,,,2,,,,,
せ,,,,,,,,,,,
,青雲,杵屋正邦,C54,,,,,,,,大合奏
,青海波(せいがいは）,流祖中尾都山,C9,,,,,,,,
,青涯波,"佐藤まさかず
検校",C168,2,,,,,,,
,静寂,山本邦山,C15,,,,1,,,,魚板（ぎょばん）
,"青少年のための
音楽図鑑Ⅰ　「風物語」",服部公一,C101,,,,,,,,
,清水楽,宮城道雄,A207 D65,2,,,1,,,,
,瀬音,宮城道雄,"CD8
A11,26,49,107,116,195,236
C113,125,126,141,151,152,174,183　
B48,77,79,82（Gtアレンジ)　D101 E3",1,1,,,,,,152は十七絃のかわりに低音弦楽器
,惜春,横山勝也,"A129,164　D73",1,,,1,,,,
,赤壁賦,中能島欣一,A108,2,,,1,,,,
,惜別の舞,宮田耕八朗,C129　D79,1,,,1,,,,
,せきれい,宮城道雄,"CD4　C118,148",1,,,1,,,,
,雪月花によせて,吉崎克彦,C79　103,2,1,,1,,,,
,蝉の曲,,C167,,,,,,,,
,セレブレーション,池上眞吾,C94　A18,2,1,,1,,,,
,千花万葉,藤井凡大,C32,1,1,,1,,,,合唱
,線香花火,宮城道雄,"CD7　C123,149
A23,149,223　B47",1,,,,,,,
,線香花火,長沢勝俊,C18,,,,,,,,
,戦場のメリークリスマス,,C134,,,,,,,,
,前奏曲,川崎絵都夫,C91　B63,1,,1,1,,,,
,千本桜,,B112,1,,1,1,,,,
そ,,,,,,,,,,,
,双韻,,C116,,,,1,,,2,
,"装画(そうが）
(尺八・箏・十七絃による)",沢井忠夫,"C27(途中から),93,200
D9,64",2,1,,2,,,,
,巣鶴鈴慕（そうかくれいぼ）,琴古流本曲,"C194　A27,86,188,198,199, 260",,,,1,,,,
,蒼穹,藤原道山,A120,,,,,,,,
,蒼月譜,川崎絵都夫,A82,1,,,1,,,,
,早春,宮田耕八朗,C86　A152,1,,1,1,,,,
,双調(そうじょう）の曲,宮下秀冽,C22,2,,,,,,,
,相生の曲,山本邦山？,A40,2,,,1,,,,
,双壁,,D36,,,,,,,,
,息観,古典本曲,A88,,,,1,,,,
,そして秋・・・,沢井忠夫,A102,1,,,,,,,
,袖香炉,峰崎勾当,A186,,,1,,,,,
,袖の雨,菊平勾当,E4(玉椿と打ち合わせ),,,,,,,,
,袖の露,峰崎勾当,A218,,,,,,,,
,磯馴松（そなれまつ）,流祖中尾都山,A144,,,,2,,,,
,ソネットⅠ,三木　稔,C181　A126　D86,,,,3,,,,
,ソネットⅣ,三木　稔,A126,,,,3,,,,
,園の秋,菊岡検校,"A38,239",1,,1,1,,,,
,そよ風,,D77,,,,,,,,
,宙〜SORA〜,江戸信吾,B144 E2,2,,,1,,,,
,空を推す,ジョン海山ネプチューン,C89,1,,,,,,,
た,,,,,,,,,,,
,(第一)風動,杵屋正邦,"A126,200,205",,,,3,,,,
,大河の響き,水川寿也,A123,3,1,1,2,,,,
,第三風動,杵屋正邦,"C29,162　A164",,,,3,,,,
,第二風動,杵屋正邦,C26 A198,,,,3,,,,
,第四風動,杵屋正邦,C194 A198 B118,,,,3,,,,
,太陽と海と,宮田耕八朗,"A16,152",1,1,1,1,,,,
,対話五題,諸井　誠,"C157　A5,77,101　B48　D19,93,122",,,,2,,,,
,高脚踊,宮城道雄,CD5,1,,,,,,,胡弓
,高砂,端唄,C160,,,1,,1,,,唄、鳴物
,高砂＜千秋楽は民を撫で．．．＞,謡曲,C160,,,,,,,,独謡
,高砂＜高砂やこの浦舟に．．．＞,謡曲,C160,,,,,,,,独謡
,瀧落（たきおとし）,古典本曲,"A105,112　D95",,,,1,,,,
,　竹（尺八二重奏曲第一番）　,山本邦山,"C15　A65,76,200　B71,90,101
D7,19,23,115,124(途中から),128",,,,2,,,,
,竹彩々（たけさいさい）,山本邦山,A6,,,,8,,,,
,竹取物語より「竜女の玉」,長沢勝俊,C101,1,1,2,3,1,1,3,"二十絃,語り,笙（しょう）"
,竹の唄,福原百之助,A130,,,,,2,,,
,竹の群像,山本邦山,"C193　A6,228　B61,82",,,,9,,,,
,竹の子,宮城道雄,CD5,1,1,,,,,,
,竹の四季より「秋」,山本邦山,"A171,228　D62",,,,1,,,,
,竹の四季より「夏」,山本邦山,"C49　A171,228　D100",,,,1,,,,
,竹の四季より「春」,山本邦山,"A171,228　D65",,,,1,,,,
,竹の四季より「冬」,山本邦山,"A171,228",,,,1,,,,
,章魚（たこ）つき,宮城道雄,CD4　C121,1,,,1,,,,
,田毎の月,宮田耕八朗,C70,1,1,,1,,,,
,打鼓の曲,,D114,,,,,,,,
,七夕の曲,,D109,,,,,,,,
,谷間の水車,宮城道雄,"CD8　C119,151,152 A12　B129",1,,,1,,,,
,狸,不詳,A5,,,2,,,,,
,打波（だは）,古典本曲,"A88,105",,,,1,,,,
,旅,宮田耕八朗,C70,,1,,,,,,
,旅路,野村正峰,C42,1,,,1,,,,
,出発（たびだち）,三塚幸彦,A127,,,,,,,,
,玉椿,峰崎勾当,E4(袖の雨と打ち合わせ),,,,,,,,
,玉川,国山勾当,"A42,92",1,,2,1,,,,
,玉の台,松浦検校,A33,1,,1,1,,,,
,魂（たま）ふり,廣瀬量平,A83,,,,1,,,,
,手向（たむけ）,古典本曲,"A89,164,173",,,,1,,,,
,戯（たわれ）,沢井忠夫,A175,,,2,,,,,
,タンゴの歴史1900,アストル・ピアソラ,A125,,,,,,,,
,歎詩,船川利夫,"C186　A64,111
B50　D90",1,1,,1,,,,
,断章（尺八と箏のための）,佐藤敏直,A104,1,,,1,,,,
,DANCE Ⅱ,池上眞吾,C94　A18,1,,,1,,,,
,ダンスコンセルタント「四季」,三木　稔,"C43,181,185,195　
A72　B66　D17,37,83",2,1,1,2,1,1,2,
,"ダンスコンセルタント
Ⅱ「鳴門秘帖」",三木　稔,C45,2,1,1,2,1,1,1,語り
,"ダンスコンセルタント
Ⅲ「八郎物語」",三木　稔,C71,,1,1,1,1,1,1,二十絃?
,"ダンスコンセルタント
Ⅳ 「北の詩」",三木　稔,"C40,71　A97",1,1,1,2,1,1,2,二十絃、胡弓
,断想,野村正峰,C170,1,,,,,,,
,タントゥム・エルゴ,千住明編曲,A120,,,,,,,,
,段物くずし,唯是震一,A141,2,,,,,,,
,暖流,杵屋正邦,"A78　B86,109,145,159　D98 E5",1,1,1,1,,,,
ち,,,,,,,,,,,
,千絵の曲,,D20,,,,,,,,
,地球岬,三塚幸彦,A127,,,,,,,,
,竹紫絃明,菊重精峰,A170　B60,1,,1,1,,,,
,竹籟五章（ちくらいごしょう）,諸井　誠,"C157　A86,119,200,226",,,,1,,,,
,竹桐之賦,川崎絵都夫,"A196,203　B109",3,1,3,3,,,,
,竹生島,千代田検校,A213,2,1,,,,,,
,竹林,宮下　伸,C58,,,,10,,,,
,秩父路,宮田耕八朗,C198,2,1,,1,,,,
,千鳥幻想,沢井忠夫,D85,1,1,,,,,,
,"千鳥
(千鳥の曲とは関係なし）","中村七三郎
岩井左源太",A5,,,1,,,,,
,千鳥の曲,吉沢検校,"C109,125,145,166,168,177,194,196
A2,5,14,31,37,40,122,130,157,158,186,195,225,230
B63,74,83,85,99,103,108,116,123
D11,21,26,39,43,45,72,81,
89,104,123",2,,,1,,,,A195は胡弓
,千鳥の曲を主題とする三絃曲,中能島欣一,A108,,,1,1,,,,
,千鳥の主題によせて,吉崎克彦,A21,,1,,,,,,
,チャイナ・チャイナ・チャイナ,菊重精峰,A170,1,1,,,,,,胡弓
,茶音頭,菊岡検校,"C118　A4,51,78,174,180
B13,16,42,76,78,100,108,128,135
D25,33,67,84,125 E8",1,,1,1,,,,
,潮音,宮城道雄,C118,,,,,,,,
,調子,古典本曲,A199,,,,1,,,,
,長城の賦,野村正峰,C81,3,,1,1,,,,"唄,合唱"
,潮流,みやざきみえこ,A125,,,,,,,,
,チョコレイト,宮城道雄,CD5,1,,,,,,,
,千代の鶯,光崎検校,"A60,93　",1,,1,1,,,,
,千代の寿,宮城道雄,"C118（後唄なし）
B49,74,83,99,103　D77,95",1,,1,1,,,,
,青島（チンタオ）,,C98,1,,,1,,,,唄
つ,,,,,,,,,,,
,追憶の舞,草野次郎,"C82　D108,110",1,,1,1,,,,
,"対動（ついどう）
（尺八二重奏曲第三番）",山本邦山,"A172　D38,47,84,110　B109",,,,2,,,,
,つかまえた,三木稔、野坂恵子共作,C18,,,,,,,,
,津軽幻想,野村裕子,B73,2,1,2,2,1,,,
,月,,"A91,238",1,,1,,,,,
,月影志都歌,,A163,1,,,,,,,竜笛
,月とさくら,宮田耕八朗,"A152,167",,1,2,,,,,
,月の鏡,藤原道山,A220,,,,,,,,
,月の精霊,ジョン海山ネプチューン,C89　B61,2,1,,1,,,,
,月の出,三木　稔,C18　D87,2,1,1,1,1,1,1,
,月の光の神がアオタモの影の上を行く,岡田京子,A131,,,,,,,,
,月見草の詩,宮田耕八朗,C85,1,,,1,,,,
,つくしの旅,野村正峰,C42,2,,,1,,,,
,土の叫び,宮田耕八郎,A209,,,,1,,,,
,海石榴(つばき）,石垣征山,A201,1,1,,,,,,
,翼にのって,沢井忠夫,C62,1,,,,,,,
,椿尽し,松島検校,A185,1,,1,,,,,
,燕,吉崎克彦,B128,2,,,,,,,
,燕子-Swallow-,カザフ民謡,A219,,,,,,,,
,燕と少女（おとめ）,宮城道雄,CD5,1,,,,,,,唄
,摘草,菊原琴治,"D57,85",2,,,1,,,,
,梅雨の晴れ間に…,池上眞吾,C164,1,,,1,,,,効果音
,TSURUKAME,沢井忠夫,A176,1,,1,,,,,
,鶴の幻想,青山正雄,D54,,,,,,,,
,鶴の声,玉岡検校,"A52,186",1,,1,1,,,,
,鶴の声,唯是震一,A142,,,,,,,,
,鶴の巣ごもり,吉沢検校,C55　A156,,,1,,,,,胡弓1
,鶴の巣籠,,"C190
A30,89,100,102,106,121,
145,162,165,209,226
B21,143　D33,103",,,,"2
(1)",,,,
て,,,,,,,,,,,
,ディープ・リヴァー,千住明編曲,A120,,,,,,,,
,ディズニーメロディー小曲集,中山妙子,B30,2,,,,,,,
,ディベルティメント,佐藤敏直,"C60,132,181　A70
B15,17,61　D76",2,1,1,2,1,1,2,琵琶を三絃ですることもあり
,手紙　（三重奏曲第六番）,宮田耕八朗,C86,1,1,,1,,,,
,出口の柳,,"A147,187(三絃のみ）",1,,"1
(2)",1,,,,
,手事,宮城道雄,"CD7,13　
C21,123,150,172,174,183
A107,116,223,236,240　B84,133　D102",1,,,,,,,
,手・て・テ,吉崎克彦,C79,2,1,,,,,,
,手鞠,宮城道雄,C121,1,,,,,,,
,デュオ三態,沢井忠夫,A176,2,1,1,,,,,"箏、三絃、
十七絃持替"
,Duo'87,三枝成彰,C92,1,,1,,,,,
,三角州（デルタ）,松本雅夫,"C140　D53,108",3,1,,,,,,
,天為,山本邦山,A192,,,,1,,,,
,電気カミソリのうた,池上眞吾,C164,1,1,,,,,,胡弓、唄
,天空の扉,吉崎克彦,E4,2,1,,,,,,
,天守閣,吉田興三郎,A73,,,,,,,,
,天神祭,吉田興三郎,A61,,,,,,,,
,点描（箏・十七絃二重奏曲）,唯是震一,A142,1,1,,,,,,
,天馬,吉崎克彦,C66,1,,,1,,,,
,天満のはし,吉田興三郎,A61,,,,,,,,
,天籟地響（てんらいちきょう）,廣瀬量平,A83,,,,1,1,,1,石笛、土笛、よこ笛、つぼ笛、リコーダー
,天竜川,,B52,,,,,,,,
と,,,,,,,,,,,
,禱 (とう、示偏に壽の異字体）,石垣征山,C51,1,,,1,,,,
,禱二番 （示偏に壽の異字体）,石垣征山,C35,,,,1,,,,
,桐韻,山本邦山,D54,,,,,,,,
,峠八里,田中允山,A30,,,,4,,,,
,峠花,山本邦山,"C35　A65,227,228　D50",,1,,1,,,,
,動と静の影,沢井忠夫,"C93　B23,24,27　D115",2,,1,,,,,
,東北民謡による組曲,牧野由多可,C33,1,1,1,1,,,,箏、三絃持替
,東滴壺（とうてきこ）,藤井凡大,"C61,64　D83",2,1,2,2,,,,
,尊しや,宮城道雄,CD13,1,,1,,,,,
,東風夜曲,水野利彦,C83,2,1,1,2,,,,
,童夢,吉崎克彦,A20,2,1,1,1,,,1,
,東明流 向島八景,高橋栄清,A194,1,,1,,,,,
,東洋風な幻想曲,坂本　勉,C95,1,1,,,,,,
,ドゥルガ,宮城純一,C91,,,,2,,,,
,道灌,宮城道雄,A221,,,,,,,,
,遠砧,宮城道雄,"CD3　C127,143,147
B22,24,27,51,75,81,89,116,129,132　D61",2,,1,1,,,,
,遠野の里,長沢勝俊,C95,,,,,,,,二十絃1
,遠音（とおね）,石垣征山,"D56,58,73,126",,,,3,,,,
,遠音,桜井ゆかり,C82,,,2,,,,,
,通り,古典本曲,"A189, 260",,,,1,,,,
,融,石川勾当,"A34,45,94,146 E5",1,,1,1,,,,
,時の旅人,川崎絵都夫,A196,1,1,1,,,,,
,独奏箏と箏群のための詩,沢井忠夫,"A17,109",4,2,,,,,,
,独奏尺八のための二章,宮田耕八郎,A209,,,,1,,,,
,凸,三木　稔,C52,1,1,2,2,1,1,1,二十絃
,ともしび三章,長沢勝俊,"C32,78　B91　D37,59,97",2,1,2,2,,,,
,ともだち,宮田耕八朗,C86,2,1,,1,,,,
,富山～冬そして春～,石垣征山,A169,2,1,,2,,,,
,ドリアンダンス,宮城純一,C91,1,,1,1,,,,
,ドリーム,ジョン・ケージ,A134,,,,,,,,
,鳥のように,沢井忠夫,"A96,110　D78",1,,,,,,,
,トルソ,廣瀬量平,A83,1,1,1,1,,,,チェロ
,トワイライト・セイリング,水川寿也,A153　B65,,1,,1,,,,
,十和田の秋,大嶽和久,"C107　B38,64,74,98,102,108
D94,105",1,1,1,1,,,,
な,,,,,,,,,,,
,長唄越後獅子,,A148,,,1,,1,,2,
,流しの枝,上方の端唄,C173,,,,,,,,
,流し鈴慕,,A208,,,,1,,,,
,中空（なかぞら）砧,宮城道雄,"CD7　A12,149,223　B128",1,,,,,,,
,長浜のにぎわい,宮田耕八朗,A167,2,1,1,1,,,1,
,長持唄,,C160,,,,,,,,
,"長等の春 （ながらのはる）
（別称奈賀良之春）",菊岡検校,"A234 D25,120",1,,1,1,,,,
,流,吉田興三郎,"A73(初演、再演、改作),150　B51",1,,1,,,,,
,ながれ,米川敏子,A155,1,,,,,,,
,流れ,筑紫歌都子,C23,2,,,1,,,,
,流れ,草野次郎,C82,1,,,1,,,,
,凪,香登みのる,A122,2,1,,,,,,
,なぎさと太陽,,C18,,,,,,,,
,嘆き給ひそ,宮城道雄,CD4　C121,1,,,,,,,唄
,なごり,三木稔、野坂恵子共作,C18,,,,,,,,
,那須野,,A44,1,,1,1,,,,
,夏（竹の四季より）,山本邦山,C49　A171　D100,,,,1,,,,
,夏草の譜,野村正峰,D4,2,1,,1,,,,
,夏衣,吉沢検校,C76,1,,1,,,,,
,夏の一日,長沢勝俊,C84,,,,,,,,
,夏の曲,吉沢検校,"C1,136
A31,52,75,155
D27,45,52,112",2,,,1,,,,
,夏の前ぶれ,内田とも子,C18,,,,,,,,
,夏の祭,宮田耕八朗,"C70　A65,152　B60,83,103,122,140",2,1,1,1,,,,
,夏夢三景,川崎絵都夫,A196,2,1,1,2,1,1,2,
,七重,西村　朗,C101,1?,,,,,,,
,七小町,光崎検校,"C116　A43,93,213,218　B134",1,,1,1,,,,
,七段の調,,C30 ,2,,,,,,,
,難波（なにわ）獅子,継橋検校,"C24,137　B64,92,108　D78",1,,1,1,,,,
,浪花十二月,,A202,,,1,,,,,
,菜の花の詩,宮田耕八朗,C70　D109,1,1,,1,,,,
,波（三重奏曲）　,菊城正明,C23,2,1,,,,,,
,涙のトッカータ,牧野由多可,C134,,,,,,,,
,奈良の四季,宮城道雄,CD1　C169　A35,1,,,,,,,
,鳴門秘帖（ダンスコンセルタントⅡ）,三木　稔,C45,2,1,1,2,1,1,1,語り
,南島淡彩之譜,福島雄次郎,"A128,131",1,,,1,,,,
,南部牛追いうた,,D20,,,,,,,,
に,,,,,,,,,,,
,二管四絃,杵屋正邦,C61,2,1,1,2,,,,
,二管の譜,山本邦山,"C16　A99,190　D18",,,,2,,,,
,二軒の雨だれ,宮城道雄,CD5,1,,,,,,,
,虹,水野利彦,C131,2,,,,,,,
,虹色の風,大嶽和久,B56,3,1,,,,,,
,虹の輪,長沢勝俊,"C18,39,78,88　D80",2,1,1,1,,,1,
,日蓮,宮城道雄,CD12,2,1,,2,,,1,"胡弓,笙（しょう）"
,日本楽器による幻想曲,長沢勝俊,"C100,185　D87,97",2,1,3,,,1,,
,"二本の尺八のための　
「宴加（みょうが）」",山本邦山,C16,,,,2,,,,
,日本のわらべ唄,野村正峰,C81,2,,,1,,,,
,日本民謡組曲第一番,福島雄二郎,"A70,85",2,1,,1,,,,
,日本民謡による組曲,牧野由多可,"C133,188",3,1,1,2,,,1,
,日本民謡による尺八のためのコンポジション,関　一郎,D103,,,,4,,,,
,日本名歌集,佐藤義久,B70,2,1,,,,,,
,日本名歌集,野村正峰,D11,2,1,,,,,,
,二面の箏の嬉遊曲,清水　脩,A70,2,,,,,,,
,"ニュー・シネマ・パラダイス
～愛のテーマ～",エンニオ・モリコーネ,A134,,,,,,,,
,人形風土記,長沢勝俊,"C199　D8,44,71",2,1,1,2,1,1,2,
,人形風土記第二番,長沢勝俊,C37　A67,2,1,1,2,1,1,3,胡弓
,NiんｊA,菊重精峰,A170,2,,1,,,,,
ぬ,,,,,,,,,,,
,額王女の歌,藤井凡大,A62,2,1,,4,,,,唄
ね,,,,,,,,,,,
,根笹調（ねざさのしらべ）,古典本曲,"A105,173",,,,1,,,,
,寝覚め,宮城道雄,CD5,,,1,,,,,
,寝覚の月,,A238,,,,,,,,
,鼠ぐるま,杵屋佐吉,A10,,,2,,,,,
,熱帯魚,船川利夫,"C130,193　D43,65",1,,,1,,,,
,子の月,吉沢検校,C4,,,,,,,,
,根曳（ねびき）の松,峰崎勾当,"C136　A32,41,45,114,180,211　B90（手事のみ）,127,143",1,,1,1,,,,
の,,,,,,,,,,,
,ノーヴェンバーステップス,武満　徹,C132　A15,,,,1,,1,,オーケストラ
,Northern Town,池上眞吾,C108　B8,2,1,1,2,,,,
,軒の雫,宮城道雄,"CD2　C113,118　A36
B12,47,119　D47",1,,1,1,,,,
,ノクターン第二番,水野利彦,C83,1,,,,,,,
,ノン・クラシカル,香登みのる,B32,2,1,1,1,,,1,
は,,,,,,,,,,,
,パープル・ティアーズ,水川寿也,A123,1,1,,1,,,,
,灰色の風のデッサン,佐藤敏直,C38,,,,3,,,,
,バイカル湖のほとり,佐藤義久,B62 E6,2,1,,,,,,
,葉音,桜井ゆかり,C82　D125,,,,1,,1,,
,萩の露,幾山検校,"C21　A29,43,58,99,163",1,,2,1,,,,
,白秋に寄せて,野村裕子,D91,1,,1,1,,,,
,白扇の＜末広＞,小唄,C160,,,,,,,,唄
,白南風の頃に,江戸信吾,A160,2,1,1,1,,,,
,葉げいとう,宮城道雄,CD5,1,,,,,,,唄
,波光,水野利彦,"B110,135",2,,,,,,,
,箱根八里変奏曲,野村正峰,C36,2,1,,,,,,
,はじまりの音,川江美奈子,A220,,,,,,,,
,はた織,宮田耕八朗,"C69,86　A16　B9,62",2,,,,,,,
,蜂,宮城道雄,CD5,1,,,,,,,
,鉢返（はちがえし）,古典本曲,"A189,199, 260",,,,1,,,,
,八段,八橋検校,"C17,106(三絃),166
A25(途中まで),32,53,155,
174,184(三絃)　B47,116,159
D12,18,23,27,43,56,79",2,,1,1,,,,
,八郎物語（ダンスコンセルタントⅢ）,三木　稔,C71,,1,1,1,1,1,1,二十絃?
,初鶯,宮城道雄,"CD1　C121,138,139
A25,36　B34,93,127
D16,32,36,44,54,71",2,,,1,,,,
,葉月,栗林秀明,D124,1,,1,,,,,
,初便り,宮城道雄,CD4,1,,,,,,,
,"PASSION
～ひとひらの桜によせて～",水野利彦,A151,2,1,,1,,,,
,バッハ管弦組曲第三番,バッハ,D4,,,,,,,,管弦楽
,鉢返し,古典本曲,A189,,,,1,,,,
,鳩,宮城道雄,A223,1,,,,,,,
,花,喜納昌吉,A220,,,,,,,,
,華,沢井忠夫,C93,1,,,1,,,,
,鼻岡鼻右衛門,池上眞吾,C164,2,,4,1,1,,,胡弓、唄
,花織,川崎絵都夫,"A82　B35,84　C97",3,1,2,3,1,1,1,
,花織り,水野利彦,C131,1,,,,,,,
,花翳（はなかげ）,杵屋正邦,D97,,,2,,,,,
,花かげ変奏曲,野村正峰,C81,2,1,1,1,,,,
,花さき山,宮田耕八朗,C69,2,1,,1,,,,
,花園,宮城道雄,"CD4　C119,148",2,,,,,,,
,花と風の物語,大嶽和久,C107　B20,1,1,,1,,,,
,花と少女,野村正峰,C36　D56,2,,,1,,,,
,花ふぶき,吉崎克彦,C65　A21,1,,,1,,,,
,花舞,牧野由多可,"A68,115,124 E5",2,1,,,,,,
,花紅葉,宮城道雄,CD2　A35,1,,1,1,,,,
,はねつき,佐藤義久,D81,2,,,,,,,
,母の唄,宮城道雄,CD4　C118,1,,,1,,,,
,破墨山水図,柳田孝義,C117,,,,3,,,1,
,HAMA,三橋貴風,A229,,,,1,,,,
,浜木綿（はまゆう）,宮城道雄,CD4,1,,,1,,,,
,早月（はやつき）の清流,石垣征山,A104,1,,,1,,,,
,春（竹の四季より）,山本邦山,A171　D65,,,,1,,,,
,HARU,水川寿也,A123,,,,,,,,
,春うらら,川崎絵都夫,"A82,129　B111 D125",1,,,1,,,,
,春三題,長沢勝俊,"C92　A2,66,96　B107",1,,1,,,,,
,春告鳥,マシコタツロウ,A220,,,,,,,,
,春の雨,宮城道雄,CD5,1,,,,,,,唄
,春の一日,長沢勝俊,A97,,,,,,,,大合奏
,春のいぶき,宮田耕八朗,C85,1,,,1,,,,
,春の唄,宮城道雄,CD4　C118,1,,,1,,,,
,春の海,宮城道雄,"CD8
C110,119,125,126,151,152,160,174,183　
A11,12,23,107,149,195,208,230
B41,55,91,98,102,106,113,122,131,137,138
D32,36,87,100,123 E3",1,,,1,,,,
,春の海幻想,牧野由多可,A124,4,1,,1,,,,独奏箏を含む
,春の訪れ,宮城道雄,"A208 B116,120 CD8　C40,119,150,152
D48",1,,,1,,,,
,春の風,宮城道雄,CD5,1,,,1,,,,
,春の曲,吉沢検校,"C1,19　A14,24(一部),37,51,
182,222　B43,70　
D6,14,20,21,26,34,40,47,
51,109",2,,,1,,,,
,春の如く,沢井忠夫,A128,1,,,1,,,,
,春の詩集,牧野由多可,"A68,75,124",2,1,,,,,,
,春の姿,,B38,2,,,1,,,,
,春の園,,"D55,72,112",1,,1,,,,,
,春の手事,,D123,,,,,,,,
,春の日（四季の日々より）,沢井忠夫,"C35,139　D126",2,,,,,,,
,春の光,流祖中尾都山,A145,,,,3,,,,
,春の賦,宮城道雄,CD11,2,1,1,1,1,,1,フルート
,春の前ぶれ,内田とも子,C18,,,,,,,,
,春の恵,久本玄智,"D41,60,81,124",1,,,1,,,,
,春の宵,長沢勝俊,C18,,,,,,,,
,春の夜,宮城道雄,"CD1　C122,183
A35,36,107",2,,,1,,,,
,春の夜の風,宮城道雄,CD5,,,,,,,,
,早月の清流,石垣征山,A169,1,,,1,,,,
,版画集（北斎、写楽、志功),唯是震一,A137,3,1,,1,,,,
,盤渉調（ばんしきちょう）,古典本曲,A87,,,,1,,,,
,盤渉調（ばんしきちょう）,中能島欣一,"A10,108,154　B90",,,1,,,,,
,盤渉調箏協奏曲,宮城道雄,CD12,1,,,,,,,オーケストラ
,晩秋三景,宮田耕八朗,C85　A152　D111,,1,1,1,,,,
ひ,,,,,,,,,,,
,飛雲,山本邦山,A192,,,,,,,,
,"ピエ・イエズ
～「レクイエム」より～",千住明編曲,A120,,,,,,,,
,火男（ひょっとこ）,小橋　稔,C117,1,,1,1,1,,1,
,光,藤原道山,A220,,,,,,,,
,光のしずく,吉崎克彦,"C74,105",2,,,,,,,
,光の中の子供たち,宮田耕八朗,A16,,,,,,,,
,秘曲（練習曲第一番）,流祖中尾都山,D23,,,,2,,,,
,悲曲変容,牧野由多可,A68,,,,1,,,,二十絃、オケ
,ひぐらし,中能島欣一,C103　A108　D115,3,,,2,,,,唄
,ひぐらし,宮城道雄,CD13,1,,,1,,,,胡弓
,肥後の夜祭り,宮田耕八朗,"A178　B50,65",1,1,1,1,,,,
,"飛騨によせる
三つのバラード",長沢勝俊,"C43,128,172,193　
A66,192,195　B65,81,100,117,159
D33,35,52,64,80,91,
105,120,127(途中まで)",3,1,,1,,,,
,陽だまり,石垣征山,B119 C59　D81,3,,,,,,,
,火の島,唯是震一,A142,1,,,1,,,,
,火の鳥,大嶽和久,D93,1,1,,,,,,
,火の山の道,宮田耕八朗,C85,1,,,1,,,,
,ひばり,,C147　D123,,,,,,,,
,"一二三調鉢返し
（ひふみのしらべはちかえし）","琴古流本曲
古典本曲","A27,88,106(30)",,,,1,,,,
,"一二三鉢返し調
（ひふみはちかえし
のしらべ、上段と同じものか）",琴古流本曲,"A30,(27,88,106)",,,,1,,,,
,飛躍,久本玄智,"B80,119　D21,31,41,72,92,108,
109,112",2,,,1,,,,
,百花譜（箏と十七絃による）,沢井忠夫,A110,1,1,,,,,,
,渺（びょう）,廣瀬量平,A83,,,,1,,,,
,氷華,沢井比河流,E6,1,2,,,,,,
,氷華（ひょうか）二題,吉崎克彦,C66　A19　B12,2,,,,,,,
,氷彩,山本邦山,A115,2,,,,,,,
,ピョンピョコリン,宮城道雄,CD5　B46,,,,,,,,
,比良,宮城道雄,"CD2　C21,109(途中から),
121,184　A13,23,26
B1,3,5,21,42,98,106,118,135（途中まで）,141　D113",1,,1,1,,,,
ふ,,,,,,,,,,,
,風韻Ⅱ,新実徳英,C93,,,,3,,,,
,風宴,草野次郎,"C117　B1,3,5",1,1,,2,,,,
,風花（ふうか？）,宮下　伸,C72,1,,,1,,,,
,風雅Ⅰ,山本邦山,"C35　A80　B63,85,99
D92,122 E4",1,,1,1,,,,
,風雅四紗,吉崎克彦,A20,2,,,,,,,
,風神,大月宗明,D21,1,,,1,,,,
,風動（第一風動）,杵屋正邦,A126,,,,3,,,,
,風漂,東枝達郎,A135,,,,3,,,,
,風籟（ふうらい）,川崎絵都夫,C91,,,,2,,,,
,風鈴,宮城道雄,"CD7　C123,149　A23,149,223
B47,51",1,,,,,,,
,笛とオーケストラのための交響曲　「祇王」,,C57,,,,1,1,,,オーケストラ
,笛の音,宮城道雄,"B46,89",1,,1,,,,,
,深みどり,石垣征山,C75　A169　B72　D64,2,1,1,2,,,,
,菜蕗（ふき）,八橋検校,"C17（夕の雲との打ち合わせ）
A46,53",1,,,,,,,
,複協奏曲,船川利夫,"C130,197",5,1,,4,,,2,
,複協奏曲,宮田耕八朗,"C96（大合奏）,198",2,1,,2,,,,
,複協奏曲,吉田興三郎,A61 E5,4,1,1,3,,,,独奏箏含む
,富士,大月宗明,D69,2,1,1,1,,,1,
,不思議見聞録,吉崎克彦,C79,2,1,,2,,,,
,二つの幻想,山本邦山,A6　B72,4,1,,,,,,
,二つの個性,藤井凡大,A115 E6,2,,,,,,,
,"二つの三絃のための八章
「群」",吉崎克彦,"D73,126",,,2,,,,,
,二つの田園詩,長沢勝俊,"C47,88　A22,67　B33,66,93,131,137,138
D42,57,61,69,72,96,98,105,
111,126",1,1,,1,,,,
,二つの舞曲,長沢勝俊,"C64,78　D82",3,1,1,3,1,1,3,
,二つの舞,玉木宏樹,A131,,,,,,,,
,二葉のかおり,星出潮山,"D46　B108,120",,,,2,,,,
,筆のあと,作曲者不詳,A187,1,,1,,,,,
,舞踏曲,宮城道雄,"CD9　C120,151
B18　D92",3,1,,,,,,
,太棹協奏曲,牧野由多可,"A9,69",4,1,2,1,,,2,三絃の一つは太棹三味線
,船唄,宮城道雄,CD10,2,1,,1,,,,"胡弓,玲琴"
,舟（船）の夢,菊岡検校  ,"C55　A50,75,234　D37",1,,1,1,,,,
,吹雪の花,宮城道雄,CD9,4,,,,,,,
,冬田の案内子（ふゆだのかがし）,宮城道雄,CD5,,,,,,,,
,冬（竹の四季より）,山本邦山,A171,,,,1,,,,
,冬鳥,山本邦山,"A65,84　D80,116",1,1,,1,,,,
,冬の一日PartⅡ,長沢勝俊,C39　D91,2,1,1,1,1,1,1,
,冬のうた,野村正峰,C170,,,,,,,,
,冬の曲,吉沢検校,"C1,166　A54",2,,,1,,,,
,冬の組曲,船川利夫,C11,,,,,,,,
,冬の夜に,宮田耕八郎,A209,,,,1,,,,
,ブルーレジェンド,水川寿也,A153,2,1,,1,,,,
,Flow my tears-流れよ我が涙-,ダウランド,A219,,,,,,,,
,"文楽（ぶんらく）の幻想
",船川利夫,C11,1,1,,,1,,,唄
へ,,,,,,,,,,,
,平安朝風な舞曲,坂本　勉,B80　D88,1,,,1,,,,
,平城山変奏曲,坂本　勉,C102,1,,,,,,,
,"平成元年のための巳楽（みがく）
－和楽器合奏のために",山本直純,C117,1,1,1,1,1,1,3,"新琴
太棹三味線"
,平和の祈り,筑紫歌都子,A177,,,,,,,,
,平和の山河,流祖中尾都山,A177,,,,2,,,,
,碧（へき）,池田静山,A64,1,1,,1,,,,
,紅薔薇（べにそうび）,宮城道雄,"CD4　C127,147",1,,,1,,,,
,編曲元禄花見踊　,坂本　勉,"C80　D18,51,75,93,109",2,1,1,1,,,1,
,編曲松竹梅,宮城道雄,CD6　A178 E7,2,1,1,1,,,1,胡弓
,編曲長唄越後獅子,野村正峰,D80,2,1,1,2,,,,
,編曲民謡調,水野利彦,C182,2,1,,2,,,,
,編曲八千代獅子,宮城道雄,"CD6　C144,183　A181
B67　D31,86",2,1,1,1,1,,1,胡弓
,変化（へんげ）,吉崎克彦,C79,1,,,1,,,,
,PENTAGONIAⅡ,関　一郎,"A135(途中まで),164",,,,5,,,,
,遍路,杵屋正邦,C46,,,,2,,,,
ほ,,,,,,,,,,,
,"邦楽器と声明による讃
「回峰」",南　弘明,C23,,,,,1,,1,"二十絃,声名と真言"
,邦楽器のためのエッセイ,牧野由多可,C62,2,1,1,2,,,,
,邦楽器のための心,高橋雅光,C6,,,,,,,,
,"邦楽器のための
四重奏曲第一番",伊藤隆太,C22,1,1,1,1,,,,
,邦楽器のための八重奏,池上眞吾,C94　A18　B54,2,2,2,2,,,,
,萠春,長沢勝俊,"C84　A66,111,129,192　B60,123
D120",1,,,1,,,,
,ほうせんか,宮田耕八朗,C86,1,1,,1,,,,唄
,忙中急行,みやざきみえこ,A125,,,,,,,,
,望の曲,藤井凡大,C54　A62　D79,2,1,2,1,,,,
,望夫石,唯是震一,A137,2,,2,1,,,,胡弓
,祝哥（ほぎうた）,中村洋一,A9,3,1,3,2,,,1,三絃の一つは太棹三味線
,北斗,杵屋正邦,C7　A8　D113,3,1,1,2,,,,
,北斗幻想,水野利彦,A181,2,1,1,2,,,,
,僕を呼ぶ声,丸尾めぐみ,C50,,,,,,,,
,星空への想い,菊重精峰,A170,1,1,,1,,,,
,星に願いを,リー・ハーライン,A134,,,,,,,,
,星のかなたに,水野利彦,"C77,161",1,1,1,1,,,,
,星の誘い,池上眞吾,C94　A18,1,,,1,,,,
,星の小夜曲,宮田耕八朗,C69,2,,,,,,,
,星の祭,三木　稔,C18　D80,,,,,,,,
,星のように,松本雅夫,D83,2,1,,,,,,
,火垂る～十七絃独奏の為に～,沢井忠夫,"A109,122",,1,,,,,,
,北海民謡調,宮城道雄,"CD9　D26,38,91,96",2,1,,1,,,,
,巨火（ほて）,三木　稔,C13,2,2,2,3,2,2,4,
,ほととぎす,山田検校,C55,1,,1,,,,,
,時鳥の曲,楯山検校,C2　A40,2,,,1,,,,
,炎（新バージョン）,水野利彦,C182 E4,4,1,,1,,,,
,火群野（ほむらの）,森川寛志,B72,2,1,,1,,,,
,HORIZON〜地平線の向こうへ〜,池上眞吾,E4,3,1,2,4,,,,
,ホワイト・フォレスト,水川寿也,A153,,1,,2,,,,
,梵,大月宗明,"D1,16,60",2,1,,2,,,,
,本調（ほんしらべ）,古典本曲,"A88,106,173",,,,1,,,,
,奔手　,三木　稔,C39,,,1,,,,,
,本末,ジョン海山ネプチューン,C89　B37,,,,4,,,,
ま,,,,,,,,,,,
,摩訶不思議な夢,水野利彦,"C77,161",3,1,,,,,,
,街の印象,唯是震一,A142,1,,,1,,,,
,町へ,ジョン海山ネプチューン,"C89　D108,114",1,,1,1,,,,
,松風,,A166,1,,,1,,,,
,マッチョ大好き,池上眞吾,C164　B38,2,1,1,1,,,,唄
,「松の曲」（四重奏曲第三番）,野田暉行,C22,2,1,,1,,,,
,松の寿,在原勾当,C168,1,,1,,,,,
,松の緑,（長唄）,"C55,160",,,1,,1,,,唄、鳴物
,祭花　糸遊一番,吉崎克彦,C65,2,1,,2,,,,
,祭花（まつりか）二番,吉崎克彦,C66　B55　D104,2,1,,1,,,,
,祭の幻想による序章,青木暢男,C171,,,,,,,,
,祭の太鼓,宮城道雄,"CD7　C123,150
A12,24,36,149,223 B41,104 D95",1,,,,,,,
,祭の夜の幻想,土屋定夫,D84,2,,,,,,,
,真鶴・手古,,C160,,,,,,,,
,幻の柱,筑紫歌都子,A118,,,,,,,,
,ままの川,"菊岡検校作曲
松野検校箏手付","A1,47,56,95　B22,24,27,81,85,104,131
D12,15,25,32,86",1,,1,1,,,,
,まゆだまの詩,長沢勝俊,"C30,88,128,135
D18,43,77",1,,,1,,,,
,マリーン・ラブ,水野利彦,C83,1,,,1,,,,
,まりつき,佐藤義久,B110 D74,2,,,,,,,
,まりつき（三つの遊びの）,宮城道雄,"A223 CD7　C123,149,169　D74",1,,,,,,,
,まりと殿様,野村正峰,B66,2,1,,1,,,,
,萬歳（まんざい）,城　志賀,A150　B159 D48,1,,1,1,,,,
,満州調,,C153,,,,,,,,
,万葉調,唯是震一,A140,3,1,,,,,,
み,,,,,,,,,,,
,みえ幻想,,D128,,,,,,,,
,神輿,唯是震一,A141,2,,,,,,,
,巫女譜,,A163,1,,,,,,,唄
,岬の灯台,野村正峰,"C36,81",1,,,1,,,,
,みずうみの詩,森岡　章,"B10,18(尺八なし),52　D3,123",2,,,1,,,,
,水の影,松任谷由実,A220,,,,,,,,
,水の玉,宮原検校,"A184,191,215　B81",1,,1,1 ,,,,
,水の変態,宮城道雄,"CD1　A11,13,36,116,149,231
C122,125,147,148,169
B71",2,,,,,,,
,水のほとりに秋を想う,宮田耕八朗,A209 D119,,,,2,,,,
,みずほのうた,宮田耕八朗,A16,1,1,,,,,,二十絃でも可
,御園の松,,A90,1,,,,,,,胡弓
,みだれ幻想,牧野由多可,A69,1,,,,,,,
,<みだれ>による変容,廣瀬量平,A83,,1,,,,,,
,"みだれ
（乱輪舌十段調＜みだれりんぜつじゅうだんのしらべ＞ともいう）",八橋検校,"C125,191
A14,32,46,52,80,96,115,
121,122,147,155,157,158,
161,186,195
B23,24,27,81,86,101,121,128
D23,36,41,61,74,92,101,
124,127　E4",2,,,1,,,,
,みち,長沢勝俊,C78　D5,3,1,1,1,1,1,,
,道,藤原道山,A120,,,,,,,,
,みちのくの旅,野村正峰,C42,2,,,1,,,,
,光崎の主題による「流砂」,牧野由多可,C33,1,,1,1,,,,
,ミッドナイト・シンコペーション,笹本武志,A81,2,1,,,,,,
,三つの遊び,宮城道雄,"CD7　C123,149,169　D100",1,,,,,,,
,三つのエスキス,清水　脩,D70,2,1,,,,,,
,三つの尺八のためのハレ,廣瀬量平,A204,,,,3,,,,
,三つの断章,中能島欣一,A108,1,,,,,,,
,三つのパラフレーズ,沢井忠夫,C93,2,,,,,,,
,三つの民謡調,宮城道雄,CD9　D23,2,1,,1,,,,
,みつばち,みやざきみえこ,A125,,,,,,,,
,翆（みどり）,野村祐子,C170,2,,,,,,,
,水俣の海,宮田耕八郎,A209,,,,1,,,,
,南風,,C53,2,1,1,1,,,,ギター、ベース、ドラム、コンガ、エレクトーン
,峰の月,流祖中尾都山,"C9　A121,145",,,,1,,,,
,MINORI,藤原道山,A219,,,,,,,,
,宮城野,野村正峰,C42,2,,,1,,,,
,都踊,宮城道雄,"CD3　C118,144,180
A75　B57,86,96,113,121,123,131,137,159　D58,90,121",2,,1,1,,,,
,都の韻,富井輦山,C99,,,,,,,,
,都の春,山勢松韻,"A161,222",2,,1,1,,,,
,御山獅子,菊岡検校,"C76,109(途中まで),118,
165,178
A24,47,57,80,180,191,233
B2,4,6,39,43,81,115 E3,4,5",1,,1,1,,,,
,"「宴加」＜みょうが＞
（二本の尺八のための）　",山本邦山,C16,,,,2,,,,
,みよしのは,,B46,,,,,,,,
,Miller（ミラー）,,C31,,,,,,,,
,未来花,水野利彦,E4,2,1,,,,,,
,弥勒（みろく）,松本雅夫,D125,2,1,,,,,,
,民謡組曲（東北編）,杵屋正邦,"C61,87",2,1,2,2,,,2,
,民謡調による三章,,B127,,,,2,,,,
む,,,,,,,,,,,
,茉莉花（むいか）,牧野由多可,"C134　A68,69,124
D2,22,106",2,1,,1,,,,
,無意味な序曲,藤井凡大,"C26　A63　B48,104　D106",2,1,1,1,,,,
,ムーブメント,沢井忠夫,"C35,200",,1,,,,,,
,霧海箎,古典本曲,A165,,,,1,,,,
,昔ばなし,吉崎克彦,C65　D123,2,,,,,,,
,木槿（むくげ）に,石垣征山,C59,1,1,,,,,,
,夢絃’９８,菊重精峰,C104　A170　B37　D120 E4,2,1,1,1,,,,
,無限流,水川寿也,E4,2,2,,1,,,,
,むさし野,長沢勝俊,C78,,1,1,1,1,1,2,二十絃×2
,虫の歌,宮城道雄,"A223 B143 CD7　C123,149",1,,,,,,,
,虫の歌の手事,野村正峰,D87,2,1,1,1,,,,
,虫の音（むしのね）,,A98,1,,1,1,,,,
,虫の武蔵野,宮城道雄,"CD3　C121　B47,87,107,109 E3,5",1,,1,1,,,,
,無題,船川利夫,"C197　D1,61",,,,4,,,,
,六連星（むつらぼし）,長沢勝俊,C128　D66,1,,,1,,,,
,叢雲（むらくも）,池田静山,"B112,136 C158",,,,2,,,,
,むら竹,宮城道雄,CD4,1,,,,,,,笙（しょう）
,紫,,B128,,,,,,,,
,紫の幻想,野村正峰,C42,1,,,1,,,,
,村の春,宮田耕八郎,A209,,,,1,,,,
,"群（むれ）
(二つの三絃のための八章)",吉崎克彦,"D73,126",,,2,,,,,
め,,,,,,,,,,,
,明鏡,杵屋正邦,"C191　A63,193,236　B52,58,103,116,143　D91",,,1,1,,,,
,明治松竹梅,菊塚勾当,"C2　D12,20,31",2,,,,,,,
,名所土産,不詳,A41,1,,1,1,,,,
,メドレー,,B38,,,,2,,,,
,メナリ,朴　範薫,A131,,,,,,,,
も,,,,,,,,,,,
,モーメント＃１,一之瀬響,A134,,,,,,,,
,モーメント＃２,"藤原道山
一之瀬響",A134,,,,,,,,
,モーメント＃３,一之瀬響,A134,,,,,,,,
,もくせい,眼龍義治,C91,1,,,1,,,,
,もののけ姫,池上眞吾編曲,C108,,,,,,,,
,物は尽くし（梁塵秘抄より）,沢井忠夫,"A1,74,175",,1,1,,,,,
,モノローグ,下山一二三,A72,,,1,,,,,
,紅葉（もみじ）,流祖中尾都山,"A143,162,178,198　B139 C189
D42,56",,,,2,,,,
,もらい泣き,武部聡志・溝渕大智・マシコタツロウ,A220,,,,,,,,
や,,,,,,,,,,,
,八重垣,山田検校,A147,1,,1,,,,,
,八重霞,継橋検校,"B122,128",1,,1,1,,,,
,八重衣,石川勾当,"C3,22,41　A4,29,42,52,56,234,235,240
B35,118 E5",1,,1,1,,,,
,矢車,沢井忠夫,A197,2,1,,,,,,
,八島（やしま）,藤尾勾当,"A103　B104,145",,,2,,,,,または箏1三1
,夜叉舞,和田　薫,"C82　B31,51,64",1,,1,1,,,,
,夜想曲,笹本武志,"C110　A81　B73,132,142",1,,,1,,,,
,夜想曲,宮田耕八朗,C96,1,,,,,,,
,八十一神（やそひとがみ）,廣岡倭山,A178,,,,9,,,,
,八千代,流祖中尾都山,"C189　A144,162,178",,,,2,,,,
,八千代獅子,藤永検校,"C4,24,118,137,159,160(手事のみ),193
A14,49,52,122,147,182
B9,30,52,62,70,80,89,96,101,110,119,128,135
D3,14,23,24,28,31,36,41,
47,77,81,119,123 E3",1,,1,1,,,,
,矢部の郷,宮田耕八朗,"C69,129　B30",2,1,,1,,,,
,山越（やまごえ）,古典本曲,"A89,106,164,173　B37",,,,1,,,,
,山桜,,C2,,,,,,,,
,倭（やまと）,,C157,,,,,,,,
,ヤマトタケル,長沢勝俊,C44,,,,,,,,
,山なみの灯,松本雅夫,B65,2,,,,,,,
,山の朝,宮田耕八郎,A209,,,,1,,,,
,山の筧（かけい）,,"A23,149",,,,,,,,
,やまびこ,宮田耕八郎,A209,,,,2,,,,
,弥生　～春のあしおと～,"飛山　桂
（とびやまけい）",A48,1,,,,,,,
,やん衆,廣岡倭山,A177,2,1,,3,,,,
ゆ,,,,,,,,,,,
,夕顔,菊岡検校,"C24,137,145　A3,14
B8,39,101,110,125
D11,25,36,38,41,65(途中まで),69,81,82,84,95,109,125,
127",1,,1,1,,,,
,夕影の詩,三木　稔,"C39,199　A7,72
B52　D51,75",1,,1,1,,,,
,幽曲,藤田正典,C58,,,1,1,,,,
,夕月,柳内調風,"C91　B20,37,116　D114",1,,1,,,,,
,夕月,流祖中尾都山,"A145,162　D89",,,,2,,,,
,夕の雲,光崎検校,"C17（菜蕗＜ふき＞との打ち合わせ）　A53,146",1,,1,,,,,
,夕べのロンド,森岡　章,C27,2,,,1,,,,
,ゆかりの月,鶴山勾当,C173,,,,,,,,
,雪,峰崎勾当,"A1,53,166,202　D105",1,,1,1,,,,
,雪三態,長沢勝俊,D57,3,1,,,,,,
,雪人形の夢,大嶽和久,C107,2,1,,1,,,,
,雪の雲,宮城道雄,"B70,96",2,,,,,,,
,雪の夜,"上田芳憧
（上田流本曲）",A100,,,,1,,,,
,雪のように,菊重精峰,A170,2,1,,,,,,
,雪の夜の物語,野村正峰　,C170,2,,,1,,,,
,雪はな,吉崎克彦,C66　D88,2,,,,,,,
,雪舞,砂崎知子,A240,1,,1,1,,,,
,雪ものがたり,沢井忠夫,"C40,200　D67",1,1,,1,,,,
,行く春,米川敏子,A155,2,,,,,,,唄
,夢の手枕,柴田南雄,A159,,,,,,,,
,熊野（ゆや）,,C176,1,,1,,,,,
,ゆらぎ一葉,松下功,A201,,,,,,,,三十絃箏
,ゆれる秋,沢井忠夫,A1,1,,,,,,,
よ,,,,,,,,,,,
,宵待ワルツ,笹本武志,"A81　B63,125",1,,,1,,,,
,陽光,曽山良一,A127,,,,,,,,
,陽樹,石垣征山,A168　B119,,,,2,,,,
,夜風,笹本武志,A81,1,,,1,,,,
,よごと雲,川崎絵都夫,A196,1,1,1,1,,,,
,"ヨセミテ
（四重奏曲第六番）",唯是震一,A140,1,1,1,1,,,,
,四段砧,佐山検校,C106　A92,,,2,,,,,唄
,四つの楽器,藤井凡大,Ａ７７,1,1,1,1,,,,
,四つの小品,長沢勝俊,A66,2,1,1,2,1,,1,
,四つの袖,,C173,,,,,,,,
,四つのフューゲッタ,唯是震一,A142,1,,,1,,,,
,四つの邦楽器のための三章,小山清茂,C182,,,,,,,,
,淀川,吉田興三郎,A73,,,,,,,,
,呼竹受竹,古典本曲,A188,,,,2,,,,
,夜々の星,光崎検校,"A32,48,58,92,113,179　B58",1,,1,1,,,,
,夜の歌,久本玄智,B132,1,,,1,,,,
,夜の海,久保邦山,C9,,,,,,,,
,夜の円舞曲,坂本　勉,C80,2,1,,2,,,,
,夜の大工さん,宮城道雄,CD5　B46,1,,,,,,,唄
,夜の懐（おもい）,流祖中尾都山,C8,,,,1,,,,
,夜の調,宮下秀冽,A201,1,,,1,,,,
,喜悦(よろこび)の波と花と,宮城道雄,"CD4　C119,148",1,,,,,,,唄
,四の構図,間宮芳生,C46,2,,1,1,,,,
ら,,,,,,,,,,,
,Laylat-l-Qadr（叡風会委嘱曲）,池上眞吾,"B77,79,93,145　D117",2,1,1,2,,,,
,落葉（らくよう）,宮城道雄,CD4　C118,1,,,1,,,,
,らせん,吉崎克彦,"A19,B31",2,,,,,,,
,螺鈿（らでん）,沢井忠夫,"A122 B143 D118,119",2,1,,,,,,
,La Festa,大島ミチル,A219,,,,,,,,
,闌曲弐（らんきょくに）,肥後一郎,A104,,,,1,,,,
,鸞鏡（らんけい）,森　創平,B71,2,1,1,,,,,
り,,,,,,,,,,,
,リープ,水川寿也,A153,1,1,,1,,,,
,陸橋のうた,吉田興三郎,"A61,73",,,,,,,,
,六声（りくせい）,杵屋正邦,"C7,87　A8,63　B60",3,1,1,1,,,,
,立秋,石垣征山,A55,,,,1,,,,
,琉歌,宮下　伸,C72,1,,,,,,,
,琉球組（三味線組歌琉球組と同じ）,米川文子,C17,,,,,,,,
,琉球旋法によれる,中能島欣一,A154,1,,1,,,,,オーボエ
,琉球民謡による組曲,牧野由多可,"A124　B40,84,127　D52,54",2,1,,1,,,,
,"竜笛（りゅうてき）と
大太鼓による即興曲",伊藤松博,C38,,,,,,,1,竜笛
,竜安寺の石庭,菊池雅章,A224,,,,,,,,
,稜線,栗林秀明,"C48,130　B18　D91",2,,,,,,,
,涼月譜,川崎絵都夫,A82（二十絃箏と尺八の二重奏版）,1,1,,1,,,,二十絃箏と尺八の二重奏版もあり
,霊慕（りょうぼ）,普化宗本曲,A105,,,,1,,,,
,涼流,水川寿也,B133,1,,,1,,,,
,旅人考（りょじんこう）,笹本武志,C112　B53,3,1,1,"2
(5)",,,,
,林影,鯉沼廣行,A130,,,,,1,,,
,リンゴの唄,万城目正,A125,,,,,,,,
,"輪舌の主題による
二重奏曲",坂本　勉,D119,,,,,,,,
る,,,,,,,,,,,
,"累（るい）
５×４箏群のために",池辺晋一郎,A17,20,,,,,,,
,ルーマニア民族舞曲,"ベーラ・
バルトーク","A125,219",,,,,,,,
,Lune,大島ミチル,A219,,,,,,,,
,瑠璃天来,廣岡倭山,"D87,125",,1,2,1,1,,,
れ,,,,,,,,,,,
,麗韻,水野利彦,"C131　D79,85",2,,,,,,,
,「黎」 (尺八と十七絃のための),保木　誠,A128,,1,,1,,,,
,歴程,杵屋正邦,C87　A63,3,1,1,4,,,,
,聯（れん）－断章－,船川利夫,C68,1,,,,,,,
,れんげ草とみつばち,宮田耕八朗,"C85　B70,85,98,106,113,137　D87,103,126",1,1,1,1,,,,
,連山,沢井忠夫,A85,,,,2,,,,
,練習曲第一番,流祖中尾都山,D107(D23),,,,2,,,,
,練習曲第二番,流祖中尾都山,A144　D47,,,,2,,,,
,練習曲第三番,,B115,,,,,,,,
,鈴慕,古典本曲,"A106,119,165",,,,1,,,,
,恋慕流し,野村景久,A101,,,,2,,,,
,連理,杵屋正邦,"C87　D111,118",,,2,,,,,
ろ,,,,,,,,,,,
,弄斉,佐山検校,A217,,,,,,,,
,六重奏曲,伊藤隆太,D33,2,,2,2,,,,
,六段の調,八橋検校,"C17,19,24,41,125,137,138,
196
A14,46,48,51,122,147,156,
157,158,161,166,187,195,230
B8,10,18,30,51,62,80,89,96,101,110,119,128,135
D10,21,31,36,41,46,47,56,
74,81,84,86,88,89,92,95,99(途中から),104,109,110,
112,114,118,119,121,123,
126",2,,1,1,,,,
,六面の箏の追復調,唯是震一,A136,,,,,,,,
,ロシア民謡集,佐藤義久,B80,2,1,,,,,,
,"六歌仙Ⅵ章
－十七絃のための教則本－",吉崎克彦,"C74,105",,1,,,,,,
,ロバサン,宮城道雄,CD13,1,,,,,,,唄
,夢（ロマンス）,船川利夫,C68,1,1,,1,,,,
,ロンドンの夜の雨,宮城道雄,"CD7　A12,36,223　B51
C21,113,123,149,174",1,,,,,,,
わ,,,,,,,,,,,
,わ,三木　稔,C13,,1,1,1,,1,1,二十絃
,和,石垣征山,A168,2,1,,,,,,
,若い気流,牧野由多可,D7,5,2,,2,1,,2,
,和楽,和田　薫,C82,,,1,1,,,,
,若竹の賦,長沢勝俊,A135,,,,4,,,,
,和楽器合奏のためのシータⅦ,宮城純一,C117,,2,1,1,1,2,,
,和楽器のためのうた,藤井凡大,A8,2,1,1,1,,,,
,和楽器のための休日,藤井凡大,A8,2,1,2,2,,,,
,和楽器のための協奏的詩曲,池上眞吾,C188,3,2,2,3,,,,箏パートはソロを含む
,和楽器のための三重奏曲（箏三重奏曲）,小山清茂,A71,2,1,,,,,,
,和楽器のための四重奏,小山　茂,C23,2,1,,1,,,,
,和楽器の為の四重奏曲,吉田興三郎,A61,1,1,1,1,,,,
,"和楽器のための四重奏曲　
「律」",鈴木英明,C171,2,1,,1,,,,
,若菜,松浦検校,"A33,59,180",1,,1,1,,,,
,若水,宮城道雄,"CD13　D88,123",1,,1,,,,,
,「和顔」（ジェントル・フェイス）,ジョン海山ネプチューン,C34,,,,1,,,,ピアノ
,湧き出づる力,,D57,,,,,,,,
,若人の歓び,星出潮山,A178,,,,2,,,,
,忘れ唱歌,,C22,1,,1,,,,,
,わだつみのいろこの宮,福田蘭童,"A198,200　B133",,,,3,,,,
,和風楽,宮城道雄,CD10　C120,2,1,,?,,,,"胡弓,笙,玲琴"
,わらべ唄二題,須山知行編曲,"D104,124",2,,,,,,,
,ワンワンニャオニャオ,宮城道雄,CD5　B46,1,,,,,,,胡弓、唄
,,,,,,,,,,,
＜吟詠＞,,,,,,,,,,,
,人はいさ,,C165,,,,,,,,
,春夜洛城聞笛　（しゅんやらくじょうにふえをきく）,,C165,,,,,,,,
,春日帰家　（しゅんじついえにかえる）,,C165,,,,,,,,
,南樓望　（なんろうのぼう）,,C165,,,,,,,,
,春日偶成　（しゅんじつぐうせい）,,C165,,,,,,,,
,春の花を訪ぬ,,C165,,,,,,,,